x_0,y_0,z_0,visibility_0,x_1,y_1,z_1,visibility_1,x_2,y_2,z_2,visibility_2,x_3,y_3,z_3,visibility_3,x_4,y_4,z_4,visibility_4,x_5,y_5,z_5,visibility_5,x_6,y_6,z_6,visibility_6,x_7,y_7,z_7,visibility_7,x_8,y_8,z_8,visibility_8,x_9,y_9,z_9,visibility_9,x_10,y_10,z_10,visibility_10,x_11,y_11,z_11,visibility_11,x_12,y_12,z_12,visibility_12,x_13,y_13,z_13,visibility_13,x_14,y_14,z_14,visibility_14,x_15,y_15,z_15,visibility_15,x_16,y_16,z_16,visibility_16,x_17,y_17,z_17,visibility_17,x_18,y_18,z_18,visibility_18,x_19,y_19,z_19,visibility_19,x_20,y_20,z_20,visibility_20,x_21,y_21,z_21,visibility_21,x_22,y_22,z_22,visibility_22,x_23,y_23,z_23,visibility_23,x_24,y_24,z_24,visibility_24,x_25,y_25,z_25,visibility_25,x_26,y_26,z_26,visibility_26,x_27,y_27,z_27,visibility_27,x_28,y_28,z_28,visibility_28,x_29,y_29,z_29,visibility_29,x_30,y_30,z_30,visibility_30,x_31,y_31,z_31,visibility_31,x_32,y_32,z_32,visibility_32
0.4690910279750824,0.4425317943096161,-0.2723021507263183,0.999586284160614,0.4712432622909546,0.4318099617958069,-0.2720838487148285,0.9994003772735596,0.4736233651638031,0.4317662417888641,-0.2721494436264038,0.9995517134666444,0.4762861132621765,0.4315877556800842,-0.2721942365169525,0.9996026158332824,0.4653878808021545,0.4313725233078003,-0.2705657184123993,0.9988755583763124,0.4636569619178772,0.4310265183448791,-0.2705900073051452,0.9985913634300232,0.462044358253479,0.4306619763374328,-0.2705581784248352,0.9984254837036132,0.479890763759613,0.4355634152889251,-0.2292377352714538,0.9990748167037964,0.4610136747360229,0.4344265758991241,-0.2189729213714599,0.9968637228012084,0.4754883646965027,0.4527226686477661,-0.2523373365402221,0.9995378255844116,0.4664845764636993,0.4539620876312256,-0.2496757358312606,0.9991831183433532,0.5008032321929932,0.480890691280365,-0.1627468913793563,0.9999712705612184,0.4562862813472748,0.4782530665397644,-0.1726011633872985,0.999541163444519,0.5111762285232544,0.5617136359214783,-0.1501696705818176,0.9621097445487976,0.4439551532268524,0.5483120083808899,-0.1492547839879989,0.8880807161331177,0.4988732039928436,0.6389694213867188,-0.1875497996807098,0.922934114933014,0.4451529681682586,0.6179381012916565,-0.1632589250802993,0.8600526452064514,0.4991286098957062,0.6586678624153137,-0.1983614116907119,0.8902506828308105,0.443100094795227,0.6379998922348022,-0.1812927424907684,0.8171331286430359,0.4961687326431274,0.6554563045501709,-0.2151675969362259,0.893079936504364,0.4474744200706482,0.635814368724823,-0.1912070661783218,0.8202136754989624,0.4961538016796112,0.6488086581230164,-0.1940034925937652,0.8840399980545044,0.4485063552856445,0.630842924118042,-0.1683660149574279,0.7909201383590698,0.4645066261291504,0.57846999168396,0.0056910356506705,0.9997488856315612,0.4358201920986175,0.5704795122146606,-0.005612697917968,0.9994843006134032,0.4757704138755798,0.6894170641899109,-0.0152376182377338,0.7236794829368591,0.4388580024242401,0.6598234176635742,-0.0615677088499069,0.7672403454780579,0.4822077453136444,0.7944080233573914,0.0323797427117824,0.7373424768447876,0.4688681364059448,0.7849085330963135,0.0029604502487927,0.7315512895584106,0.4837470650672912,0.804750382900238,0.0352558344602584,0.5713927745819092,0.4730167388916015,0.7977190613746643,0.0083289733156561,0.6615061163902283,0.4864371716976166,0.8240087032318115,-0.0183128640055656,0.7837679982185364,0.4632466435432434,0.817685604095459,-0.03639792278409,0.8041224479675293
0.4672846794128418,0.4428469538688659,-0.2759577333927154,0.9995980858802797,0.4703541398048401,0.4320063292980194,-0.2755648195743561,0.9994099140167236,0.4727783501148224,0.4319740533828735,-0.2756310701370239,0.9995535612106324,0.4753089249134063,0.4318296611309051,-0.2756885290145874,0.9996044635772704,0.4641377329826355,0.4317129552364349,-0.2726509273052215,0.9989088177680968,0.4621367156505584,0.4315297305583954,-0.2726876437664032,0.998634934425354,0.4603047668933868,0.431443452835083,-0.2726751565933227,0.9984792470932008,0.4792716205120086,0.435742974281311,-0.2350037693977356,0.9990928769111632,0.458791047334671,0.4355906844139099,-0.2190016657114029,0.9970097541809082,0.471565693616867,0.4529793560504913,-0.257144957780838,0.9995654821395874,0.4644727408885956,0.4540665447711944,-0.2524831891059875,0.9992295503616332,0.5000502467155457,0.487420380115509,-0.1625275015830993,0.9999721050262452,0.4548172950744629,0.4879898130893707,-0.1724389195442199,0.999565839767456,0.5075941681861877,0.5689787268638611,-0.1285676509141922,0.9616690278053284,0.4437791705131531,0.5597368478775024,-0.131471112370491,0.8898535966873169,0.4988948702812195,0.639005184173584,-0.1468812674283981,0.9194151759147644,0.4438411295413971,0.6284793019294739,-0.1407395452260971,0.8612810373306274,0.4991768002510071,0.6590749621391296,-0.1570087969303131,0.8861182928085327,0.4396980702877044,0.6445326805114746,-0.1567370295524597,0.8181059956550598,0.4961512386798858,0.6555060744285583,-0.1778828203678131,0.8894044160842896,0.445792943239212,0.6461515426635742,-0.1684652119874954,0.8211343884468079,0.4952892363071441,0.6485491394996643,-0.1550865620374679,0.8799355626106262,0.447286456823349,0.6395173072814941,-0.1457615196704864,0.7916534543037415,0.4681857228279114,0.6039838790893555,0.0026513966731727,0.9997604489326476,0.440948486328125,0.5947017073631287,-0.0025948667898774,0.9994993209838868,0.4781455397605896,0.7107508182525635,-0.0291169341653585,0.7453967332839966,0.4395330548286438,0.6882187724113464,0.0073147262446582,0.7802976369857788,0.4839463829994201,0.7981346249580383,0.0490817800164222,0.7569285035133362,0.4686570167541504,0.7925239205360413,0.1183821260929107,0.746697723865509,0.4841784536838531,0.8091049194335938,0.055095724761486,0.5948361158370972,0.4723578691482544,0.8033831715583801,0.127562865614891,0.6758544445037842,0.4882974326610565,0.8271075487136841,-0.0050356048159301,0.7987478971481323,0.4606504440307617,0.8206669092178345,0.0805924609303474,0.8146231770515442
0.4673790633678436,0.4428458213806152,-0.2377634048461914,0.9996120929718018,0.4707032442092895,0.4320095479488373,-0.2355277985334396,0.9994255304336548,0.4732905328273773,0.4319617748260498,-0.2355936467647552,0.9995574355125428,0.4758288264274597,0.4317664206027984,-0.2356409728527069,0.9996128082275392,0.4641801714897156,0.4317245483398437,-0.2319735884666443,0.9989444017410278,0.4621697068214416,0.431539386510849,-0.2320034503936767,0.9986721277236938,0.4602998793125152,0.4314552247524261,-0.2320032119750976,0.9985384345054626,0.479726493358612,0.4356983602046966,-0.1901090294122696,0.999104142189026,0.4588481187820434,0.4355807304382324,-0.1708179116249084,0.9970924854278564,0.4718629717826843,0.4529573619365692,-0.2178314179182052,0.999579131603241,0.4645514786243438,0.4540018141269684,-0.2123933285474777,0.999247670173645,0.5000021457672119,0.4909407496452331,-0.1276475042104721,0.999970018863678,0.4541174471378326,0.4908711612224579,-0.1242797598242759,0.9995545744895936,0.5058828592300415,0.572290301322937,-0.1025285273790359,0.9617577791213988,0.4436798989772796,0.5615307688713074,-0.0902150943875312,0.8872663974761963,0.5003373622894287,0.639115035533905,-0.1358523368835449,0.9192336797714232,0.4419439733028412,0.6274550557136536,-0.1139566674828529,0.8604965806007385,0.501281201839447,0.659525454044342,-0.1470609158277511,0.8854643702507019,0.4377680420875549,0.644299328327179,-0.1304586678743362,0.8161616921424866,0.4982813894748688,0.6559866666793823,-0.1671494543552398,0.8891234993934631,0.4433987438678741,0.6456407904624939,-0.1426646560430526,0.8196523785591125,0.4970253407955169,0.648978054523468,-0.1439114511013031,0.879596471786499,0.4454547464847564,0.638762891292572,-0.1197739839553833,0.7911505103111267,0.4773024618625641,0.6219872832298279,-0.0011642574099823,0.9997543096542358,0.4463268518447876,0.6074256896972656,0.0011993615189567,0.9994969367980956,0.4813959896564483,0.7164037227630615,-0.0053221569396555,0.7647906541824341,0.4417577087879181,0.7030423879623413,0.0057365437969565,0.7956441640853882,0.4876154363155365,0.7998080253601074,0.0843102037906646,0.7736285328865051,0.4679422676563263,0.7949577569961548,0.1065775528550148,0.7634110450744629,0.486179918050766,0.8104970455169678,0.090171180665493,0.603173553943634,0.4716570973396301,0.8068624138832092,0.1141048371791839,0.6845192313194275,0.489546924829483,0.8300682902336121,0.0278634466230869,0.810756504535675,0.4593302607536316,0.8223898410797119,0.062248982489109,0.8250678181648254
0.467353343963623,0.4424789845943451,-0.1988575458526611,0.9996297359466552,0.4709166586399078,0.4317024350166321,-0.1944876462221145,0.999441385269165,0.4734852015972137,0.4316964447498321,-0.1945535093545913,0.9995639324188232,0.4759673774242401,0.431573212146759,-0.1945941895246505,0.9996204972267152,0.4642148315906524,0.4312905073165893,-0.1924600452184677,0.9989869594573976,0.4622109830379486,0.4310853481292724,-0.1924904733896255,0.9987260699272156,0.4603567123413086,0.4309655129909515,-0.1924907714128494,0.9986059069633484,0.4800301492214203,0.4355778992176056,-0.1470677554607391,0.9991089701652528,0.4588581621646881,0.435500830411911,-0.1348202973604202,0.9972096681594848,0.4715985059738159,0.4529536068439483,-0.1790183335542678,0.9995976090431212,0.4644577801227569,0.4530487656593323,-0.1756071150302887,0.999277412891388,0.4992093741893768,0.4942181706428528,-0.094278372824192,0.999968409538269,0.4491544067859649,0.494869589805603,-0.0999734103679657,0.999555230140686,0.5044732093811035,0.5754104852676392,-0.072775512933731,0.962057888507843,0.4417511820793152,0.5630056858062744,-0.075097844004631,0.8885552287101746,0.5011528134346008,0.6410597562789917,-0.1086128950119018,0.9169480800628662,0.4405384659767151,0.630928099155426,-0.1015564873814582,0.8603597283363342,0.5018381476402283,0.6616973280906677,-0.1207286119461059,0.8816865086555481,0.4382528662681579,0.648080587387085,-0.1183947399258613,0.8140905499458313,0.4996240735054016,0.6588805317878723,-0.1398717910051345,0.8857010006904602,0.4429664611816406,0.6495111584663391,-0.128526821732521,0.8177924156188965,0.4984779059886932,0.6512713432312012,-0.116796538233757,0.8759636878967285,0.4453482329845428,0.6433328986167908,-0.1067145094275474,0.7897520065307617,0.4772455096244812,0.6316527128219604,-0.0014636686537414,0.9997597336769104,0.4490499496459961,0.6248575448989868,0.0014688239898532,0.999512016773224,0.4825753569602966,0.7227071523666382,0.0032692223321646,0.7856281995773315,0.4562853872776031,0.7148627042770386,0.0219069328159093,0.8120516538619995,0.4870039224624634,0.7995842695236206,0.1116403341293335,0.7920734286308289,0.4671188294887543,0.7938864827156067,0.1514795124530792,0.7805448770523071,0.486118733882904,0.8102439045906067,0.1195821091532707,0.6192717552185059,0.4699841439723968,0.8060394525527954,0.1621695905923843,0.6964578628540039,0.4894227385520935,0.8320603966712952,0.0605130456387996,0.8245307803153992,0.4586159586906433,0.8227468729019165,0.1183259934186935,0.8361977338790894
0.4674675762653351,0.4422011971473694,-0.1665761023759842,0.9996607303619384,0.4713414907455444,0.431671530008316,-0.1617567837238311,0.9994831681251526,0.4737626910209656,0.4316403567790985,-0.1618386209011078,0.9995944499969482,0.4761383235454559,0.4315046072006225,-0.1618640273809433,0.9996469616889954,0.4644227921962738,0.4312816858291626,-0.1612854450941085,0.9990689754486084,0.462258368730545,0.4310808777809143,-0.1613103747367859,0.9988308548927308,0.4603998064994812,0.4309606254100799,-0.1613023430109024,0.9987227916717528,0.4802057445049286,0.4355659186840057,-0.1182049736380577,0.9991649985313416,0.4586825966835022,0.4354869723320007,-0.1134800836443901,0.9974402785301208,0.4718184471130371,0.4525467157363891,-0.1486676186323166,0.9996306300163268,0.4645160734653473,0.4530293345451355,-0.1473696231842041,0.9993385672569276,0.498876690864563,0.494229644536972,-0.0741917341947555,0.9999679923057556,0.4479255676269531,0.4969938397407532,-0.0883085578680038,0.9995794296264648,0.5046932101249695,0.5761463642120361,-0.0532257668673992,0.962559163570404,0.4416793286800384,0.5660387873649597,-0.0679951608180999,0.8942702412605286,0.5019894242286682,0.6428092122077942,-0.0920618996024131,0.9163385033607484,0.4406747221946716,0.631546139717102,-0.0912905037403106,0.8653366565704346,0.5028662085533142,0.6628992557525635,-0.1042404398322105,0.8801044821739197,0.438330590724945,0.6484957933425903,-0.1068160012364387,0.8184051513671875,0.5005732178688049,0.6601875424385071,-0.1224748641252517,0.8843495845794678,0.4432116746902466,0.6494542360305786,-0.1167967170476913,0.8221083879470825,0.4994455277919769,0.6530440449714661,-0.1002160832285881,0.8749049305915833,0.4452414214611053,0.6430686116218567,-0.0962312519550323,0.7954988479614258,0.4813189506530761,0.6320883631706238,-0.0012974175624549,0.9997715950012208,0.4546301960945129,0.63213711977005,0.0012266200501471,0.9995450973510742,0.4861958622932434,0.7261888980865479,0.0237825792282819,0.805338442325592,0.4628600180149078,0.7195624709129333,0.0166162308305501,0.8292355537414551,0.4892942011356354,0.7999748587608337,0.1271580159664154,0.8101900219917297,0.4671632945537567,0.7950448989868164,0.1270365715026855,0.7997751235961914,0.4871348142623901,0.8099973797798157,0.1346870958805084,0.6399276256561279,0.4701471328735351,0.8057507276535034,0.1357437223196029,0.7123653292655945,0.4919370412826538,0.8336167335510254,0.0817510783672332,0.8384595513343811,0.4587625563144684,0.8243226408958435,0.0901641696691513,0.8489488959312439
0.4673865735530853,0.4420380592346191,-0.1699246615171432,0.9996927976608276,0.4712502360343933,0.4314426481723785,-0.1647143810987472,0.9995299577713012,0.4736701548099518,0.4313226640224457,-0.1647982150316238,0.999630331993103,0.476076066493988,0.4312029182910919,-0.1648212820291519,0.9996779561042786,0.4644371271133423,0.4313229322433471,-0.1634709239006042,0.999155819416046,0.4622882902622223,0.4312734007835388,-0.1634984314441681,0.9989405274391174,0.4604141116142273,0.4313169419765472,-0.163484051823616,0.9988431334495544,0.4802887141704559,0.4355602562427521,-0.1207573637366294,0.9992367625236512,0.4587297439575195,0.4357929527759552,-0.1131738573312759,0.9976805448532104,0.4716787338256836,0.4519195556640625,-0.15219347178936,0.999665379524231,0.4644283354282379,0.4519844353199005,-0.1500479280948639,0.9994014501571656,0.498737633228302,0.4951921701431274,-0.0814258381724357,0.999969482421875,0.4459560215473175,0.500105082988739,-0.0816892609000206,0.9996142983436584,0.5049681663513184,0.577735960483551,-0.0624549835920333,0.9645864367485046,0.4410330951213836,0.569568932056427,-0.0628251209855079,0.9015759825706482,0.5026653409004211,0.6438969373703003,-0.099986657500267,0.9191073179244996,0.4405673444271087,0.635761559009552,-0.0930369272828102,0.8738308548927307,0.5038602352142334,0.6638191938400269,-0.1133519485592842,0.8824779391288757,0.4382905662059784,0.6535184383392334,-0.1080802381038665,0.8275838494300842,0.5010947585105896,0.6611528396606445,-0.1301953941583633,0.886640191078186,0.4430567026138305,0.6538876891136169,-0.1180069595575332,0.8310821652412415,0.4997614622116089,0.6541078686714172,-0.1074137836694717,0.8774084448814392,0.4447810351848602,0.6470097899436951,-0.097896970808506,0.8059329390525818,0.4833518862724304,0.6342403888702393,-0.0030283564701676,0.9997887015342712,0.4556333720684051,0.63536536693573,0.0029879861976951,0.9995826482772828,0.4858185648918152,0.727691113948822,0.0139477532356977,0.8242446184158325,0.4643162786960602,0.7216687798500061,0.0391134247183799,0.8455226421356201,0.4899735748767853,0.803593635559082,0.1114823073148727,0.8284387588500977,0.467073529958725,0.7949434518814087,0.1525370329618454,0.8188145160675049,0.4882364273071289,0.8116158843040466,0.1180589273571968,0.6671761870384216,0.4699717462062835,0.8052922487258911,0.160949632525444,0.7329789400100708,0.4923962354660034,0.8353185653686523,0.0567196384072303,0.8534391522407532,0.458889901638031,0.8250330090522766,0.1084215566515922,0.8625651597976685
0.46745765209198,0.4419617354869842,-0.1870095580816269,0.9997225403785706,0.4712543189525604,0.4314327836036682,-0.1819624155759811,0.9995744228363036,0.4736821949481964,0.4313227236270904,-0.1820456534624099,0.999664843082428,0.4760996699333191,0.4312250316143036,-0.1820709556341171,0.9997078776359558,0.4646652638912201,0.4313291311264038,-0.1809482425451278,0.9992371797561646,0.4625899493694305,0.4312999844551086,-0.1809891015291214,0.9990429878234864,0.4606872797012329,0.4313635528087616,-0.1809747219085693,0.9989551901817322,0.4804189503192901,0.4357351660728454,-0.1349846273660659,0.9993067383766174,0.4587718844413757,0.4359785914421081,-0.1291009485721588,0.9979041814804076,0.4717089235782623,0.4516656398773193,-0.1678755134344101,0.9996975660324096,0.4644708931446075,0.4513790309429168,-0.1662096977233886,0.9994595050811768,0.4986996352672577,0.4960730075836181,-0.0926672220230102,0.999971091747284,0.4458045959472656,0.5003679394721985,-0.0900133624672889,0.9996479749679564,0.5052605867385864,0.5788403153419495,-0.0704579278826713,0.966263234615326,0.4396699666976928,0.5696293115615845,-0.0668484196066856,0.907431423664093,0.504896342754364,0.6448305249214172,-0.1080787032842636,0.9216821789741516,0.4396581947803497,0.6345023512840271,-0.0975949242711067,0.8804784417152405,0.5062980055809021,0.6638331413269043,-0.1221431642770767,0.8852871656417847,0.4380371868610382,0.6530854105949402,-0.1120836809277534,0.8345921039581299,0.5030658841133118,0.6614781022071838,-0.1389058232307434,0.8894079327583313,0.4427761435508728,0.6532697677612305,-0.1234284117817878,0.8379688858985901,0.5016546845436096,0.6547425389289856,-0.1154764741659164,0.8802357912063599,0.4441522359848022,0.6459934711456299,-0.1028473600745201,0.8138895034790039,0.4843510091304779,0.6326631307601929,-0.0039742290973663,0.9998034834861756,0.455819696187973,0.6350761651992798,0.0039463173598051,0.9996159076690674,0.4856333434581756,0.7240170836448669,0.0202073268592357,0.8412027359008789,0.4655205011367798,0.7187697291374207,0.0505764633417129,0.8601317405700684,0.4902210831642151,0.803037166595459,0.1280287206172943,0.8448464870452881,0.4670968353748321,0.7946386933326721,0.1719326823949813,0.8359413743019104,0.4884924590587616,0.8104817867279053,0.1356758028268814,0.6921365857124329,0.4699563384056091,0.8045240044593811,0.1811891496181488,0.7521128058433533,0.4929286539554596,0.8345549702644348,0.0736273154616355,0.8668881058692932,0.4590154588222503,0.8253265023231506,0.1275934427976608,0.8747928142547607
0.4677565693855285,0.4419605433940887,-0.1905712783336639,0.9997496604919434,0.4716891944408417,0.4315943717956543,-0.1842279285192489,0.9996152520179749,0.4742664992809295,0.4316284656524658,-0.1843056678771972,0.9996966123580932,0.4767264425754547,0.4316944479942322,-0.1843252032995224,0.9997354745864868,0.4649478495121002,0.4313808679580688,-0.1843764632940292,0.9993115663528442,0.4630803167819977,0.4313569664955139,-0.1844186633825302,0.9991365671157836,0.4612967371940613,0.43140909075737,-0.1844014078378677,0.9990575313568116,0.4804919958114624,0.4360750317573547,-0.1320897787809372,0.9993712902069092,0.459005743265152,0.4360997676849365,-0.132378801703453,0.9981090426445008,0.472050279378891,0.45167937874794,-0.1698293983936309,0.9997268915176392,0.4645776748657226,0.4512639045715332,-0.1699085235595703,0.9995124340057372,0.4981176257133484,0.4974967241287231,-0.0906327813863754,0.9999724626541138,0.4453577995300293,0.5019837617874146,-0.0927088931202888,0.9996790289878844,0.5052949786186218,0.5788652896881104,-0.0719956681132316,0.9679309725761414,0.4386620223522186,0.5743834376335144,-0.0741046741604805,0.9139786958694458,0.5046948790550232,0.6451039910316467,-0.1158386841416359,0.9248747229576112,0.4394796192646026,0.6388190388679504,-0.1085827872157096,0.8883599638938904,0.5061360597610474,0.6638462543487549,-0.1312215775251388,0.8891732096672058,0.4381042122840881,0.6560512781143188,-0.1243548169732093,0.8440254926681519,0.5024899244308472,0.6616036891937256,-0.147305741906166,0.8931836485862732,0.4426131844520569,0.6560513973236084,-0.1352535784244537,0.847274661064148,0.5011909604072571,0.6548417806625366,-0.1231198981404304,0.8840890526771545,0.4438332319259643,0.6492838263511658,-0.1138724833726883,0.8244566917419434,0.4851298928260803,0.6353740692138672,-0.0034190334845334,0.9998186826705932,0.4563530683517456,0.6390194296836853,0.0034022750332951,0.9996477961540222,0.4868277311325073,0.7261917591094971,0.0169896502047777,0.8565624952316284,0.4647504091262817,0.7209267020225525,0.0440361723303794,0.8732991218566895,0.4906117618083954,0.8026387095451355,0.1288531422615051,0.8595460057258606,0.467292308807373,0.794587254524231,0.1799115985631942,0.8509693741798401,0.4888129234313965,0.8098923563957214,0.1370869427919387,0.7139512300491333,0.4700227975845337,0.8038502335548401,0.1908023655414581,0.7663727402687073,0.4925940632820129,0.8341779112815857,0.0757086127996444,0.8788840174674988,0.4591176807880401,0.8251913189888,0.1404947340488433,0.8852410316467285
0.4684189856052398,0.4420738816261291,-0.2044459283351898,0.999773383140564,0.4723703265190124,0.4317943751811981,-0.1861412674188614,0.9996502995491028,0.4749961495399475,0.4318384528160095,-0.1862622946500778,0.9997234344482422,0.4773126542568207,0.4319247901439667,-0.1863712519407272,0.9997587203979492,0.4652673006057739,0.4316880404949188,-0.1922219842672348,0.9993769526481628,0.4633292555809021,0.4317744076251983,-0.1922875195741653,0.9992191791534424,0.4616475403308868,0.4319305121898651,-0.1923174262046814,0.99914813041687,0.4806512892246246,0.4362058937549591,-0.1492033451795578,0.9994239807128906,0.4594015479087829,0.4366376399993896,-0.1437552124261856,0.9982896447181702,0.4728522300720215,0.451938658952713,-0.1723255962133407,0.9997518062591552,0.4649883508682251,0.4513196349143982,-0.1801443099975586,0.9995583295822144,0.4981374740600586,0.497964471578598,-0.1003577709197998,0.9999720454216005,0.4458235204219818,0.5029295682907104,-0.1051524803042411,0.999704360961914,0.5052543878555298,0.5806728005409241,-0.0797597393393516,0.9691544771194458,0.4383886158466339,0.5754956007003784,-0.0835591331124305,0.9190863966941832,0.5047048330307007,0.6466200947761536,-0.1222440227866172,0.9274197220802308,0.4371591806411743,0.6382139325141907,-0.123273991048336,0.8945032358169556,0.5063680410385132,0.6646794080734253,-0.1328520476818084,0.8921551704406738,0.4346214830875397,0.6563338041305542,-0.1402838975191116,0.8513807654380798,0.5022560954093933,0.6625460982322693,-0.1481658071279525,0.8962001800537109,0.4394935965538025,0.6566509008407593,-0.1557579636573791,0.8547524809837341,0.5010362863540649,0.6557848453521729,-0.1293932944536209,0.8871490955352783,0.4408164024353027,0.6498100757598877,-0.1303689926862716,0.8330152630805969,0.4852294325828552,0.6357120275497437,-0.0025615042541176,0.9998302459716796,0.4563522934913635,0.637824296951294,0.0025351571384817,0.9996731281280518,0.4870501756668091,0.7276024222373962,0.020918546244502,0.8702383637428284,0.4643319845199585,0.7242549657821655,0.034450065344572,0.8851385116577148,0.4907006919384002,0.8026347756385803,0.1436631828546524,0.8724038600921631,0.467305988073349,0.7947371602058411,0.1743306964635849,0.8642107844352722,0.4890108704566955,0.8097918033599854,0.1526799499988556,0.7296105623245239,0.4700727462768554,0.803476095199585,0.1853715926408767,0.7735274434089661,0.493141233921051,0.8341453671455383,0.0901899337768554,0.8892601132392883,0.4595735967159271,0.8255109786987305,0.1321594417095184,0.8944067358970642
0.4691895544528961,0.4425602257251739,-0.2298527061939239,0.9997941255569458,0.4730477631092071,0.4323248267173767,-0.2206912487745285,0.999680519104004,0.4756679534912109,0.432348757982254,-0.2207695543766021,0.9997462034225464,0.4778953790664673,0.4324163794517517,-0.2208117842674255,0.9997785687446594,0.4656814634799957,0.4323952496051788,-0.221586212515831,0.9994339942932128,0.4636514782905578,0.4325899481773376,-0.2216328829526901,0.9992912411689758,0.4620186686515808,0.4328561127185821,-0.2216423004865646,0.9992275238037108,0.4809762835502624,0.4365367889404297,-0.1609726548194885,0.9994677305221558,0.4598709046840668,0.4374135732650757,-0.1606722474098205,0.9984469413757324,0.4738297462463379,0.4525300860404968,-0.2038089781999588,0.9997727870941162,0.4657316207885742,0.4517301917076111,-0.2050264328718185,0.9995977282524108,0.4982094764709472,0.4991615116596222,-0.111567273736,0.9999711513519288,0.4460395276546478,0.5025656223297119,-0.1101891547441482,0.9997254014015198,0.5051348805427551,0.5814248323440552,-0.0952872335910797,0.9704297184944152,0.4363299608230591,0.5731809139251709,-0.0909397676587104,0.9238343834877014,0.5045955777168274,0.6472264528274536,-0.1470434665679931,0.9298367500305176,0.4314901232719421,0.6372203230857849,-0.1349837929010391,0.9000290632247925,0.5062268972396851,0.665077269077301,-0.1655449271202087,0.8945115208625793,0.4280252456665039,0.6552488207817078,-0.1519849747419357,0.8575276732444763,0.5020239353179932,0.6631078124046326,-0.1826260983943939,0.898576021194458,0.4343900680541992,0.6559172868728638,-0.1683003902435302,0.8610782027244568,0.5008589029312134,0.6562610268592834,-0.1552176624536514,0.8892971873283386,0.4356620907783508,0.6493291854858398,-0.1424254328012466,0.8401138186454773,0.4860169291496277,0.6351240277290344,-0.002236592117697,0.9998375773429872,0.4566382765769958,0.6361573934555054,0.0022212036419659,0.9996921420097352,0.4876106083393097,0.7271912097930908,0.0201652757823467,0.8823723196983337,0.464112639427185,0.7241664528846741,0.0352959223091602,0.8954946398735046,0.4907759428024292,0.8024449944496155,0.1503949463367462,0.8835278749465942,0.46731698513031,0.7956605553627014,0.1803797632455825,0.8757067918777466,0.4889441132545471,0.809704601764679,0.1601136624813079,0.738737940788269,0.4702405333518982,0.8036869764328003,0.1918168663978576,0.7758154273033142,0.4934996664524078,0.8342921137809753,0.0963685438036918,0.8980353474617004,0.4596103429794311,0.8262194395065308,0.1365003138780594,0.9022093415260316
0.4694996178150177,0.4435971677303314,-0.2092280685901641,0.999811828136444,0.4733489751815796,0.4334895610809326,-0.2022342383861541,0.9997051954269408,0.4759179949760437,0.4335125684738159,-0.2023099213838577,0.9997639656066896,0.478091150522232,0.4335917830467224,-0.2023420631885528,0.9997937679290771,0.4660195112228393,0.4334502220153808,-0.2004754692316055,0.999482274055481,0.4639430046081543,0.4335250556468963,-0.2005044519901275,0.999352753162384,0.4623174667358398,0.4336691796779632,-0.2004995048046112,0.999295711517334,0.4810822606086731,0.4373319745063782,-0.1454306691884994,0.9995000958442688,0.4603736102581024,0.4375877976417541,-0.1371819972991943,0.998580813407898,0.474057674407959,0.4534977376461029,-0.1860904544591903,0.9997899532318116,0.4660287201404571,0.4524708688259125,-0.1839592605829239,0.9996312856674194,0.4982415437698364,0.4994736313819885,-0.1025997176766395,0.9999679923057556,0.4463834166526794,0.5015016198158264,-0.0886492654681205,0.9997413158416748,0.5050669312477112,0.5811241269111633,-0.0930564329028129,0.9715533256530762,0.4337588250637054,0.5611196160316467,-0.0674405843019485,0.9270898103713988,0.5033295154571533,0.6469855904579163,-0.1477601379156112,0.9317664504051208,0.425345778465271,0.6186283230781555,-0.123510792851448,0.9037729501724244,0.5051121115684509,0.6650241613388062,-0.1674254238605499,0.8963399529457092,0.4207997322082519,0.6411633491516113,-0.1413087695837021,0.8610317707061768,0.5005851984024048,0.6629575490951538,-0.1840618997812271,0.900515079498291,0.4267174005508423,0.6411858797073364,-0.1640091687440872,0.8649355173110962,0.4996401369571686,0.6560752391815186,-0.1557426154613495,0.8910120129585266,0.4293403923511505,0.6334069967269897,-0.1330235600471496,0.844674825668335,0.4864442646503448,0.6342899203300476,-0.003484716406092,0.9998393058776855,0.4576488435268402,0.6354409456253052,0.0034687251318246,0.9997047185897828,0.487773984670639,0.7276221513748169,0.022821957245469,0.8933056592941284,0.4635723531246185,0.7240760326385498,0.0368669256567955,0.9050576090812684,0.4906445145606994,0.8029792904853821,0.1628531366586685,0.8936737775802612,0.4671860337257385,0.795985221862793,0.1859879791736602,0.8864928483963013,0.4888960123062134,0.8097403049468994,0.1734569221735,0.7500886917114258,0.47025927901268,0.8038772940635681,0.1977976262569427,0.782751739025116,0.4934104382991791,0.834309458732605,0.1114141047000885,0.9060009121894836,0.4595169425010681,0.8266738057136536,0.1434550881385803,0.9096673727035522
0.4696486294269562,0.4447748959064483,-0.1889913529157638,0.9998251795768738,0.4734087288379669,0.4348426759243011,-0.1835693717002868,0.9997210502624512,0.4759869277477264,0.4348773062229156,-0.183645561337471,0.9997732639312744,0.4781573712825775,0.434948980808258,-0.1836789697408676,0.9998012781143188,0.4661768972873688,0.4347804486751556,-0.1803624480962753,0.9995165467262268,0.4641205966472626,0.4348064661026001,-0.1803794652223587,0.9993969798088074,0.462539404630661,0.4348697364330292,-0.1803815960884094,0.9993468523025512,0.4811910986900329,0.4383722841739654,-0.1331795156002044,0.9995133280754088,0.4607887864112854,0.438194066286087,-0.1186825037002563,0.998680055141449,0.4742377996444702,0.4544458091259002,-0.1687180995941162,0.9997991323471068,0.4662599861621856,0.4534653127193451,-0.1645415127277374,0.9996535778045654,0.4982618987560272,0.4990869462490082,-0.0984425172209739,0.999958038330078,0.4475199580192566,0.4975036084651947,-0.0760762244462966,0.9997516870498656,0.504905641078949,0.5806418657302856,-0.0982720851898193,0.9727872014045716,0.4305534362792969,0.5421743392944336,-0.0673408582806587,0.9315320253372192,0.5012253522872925,0.6450558304786682,-0.155525654554367,0.9342588186264038,0.4182057976722717,0.5876872539520264,-0.1295635104179382,0.909402072429657,0.5027511715888977,0.6643449664115906,-0.1754427850246429,0.8984523415565491,0.4134829938411712,0.6090976595878601,-0.148763358592987,0.8673009276390076,0.4978261291980743,0.6619606018066406,-0.1909591108560562,0.9026232361793518,0.4181854426860809,0.6091655492782593,-0.164311021566391,0.8713187575340271,0.4969506859779358,0.6547991037368774,-0.1630690246820449,0.8928808569908142,0.4206921756267547,0.6031185388565063,-0.1377544105052948,0.8521851897239685,0.4861405789852142,0.6326784491539001,-0.0046470388770103,0.9998318552970886,0.4574664235115051,0.6328747272491455,0.0046327020972967,0.999710500240326,0.4877036213874817,0.7267787456512451,0.0217395145446062,0.9028719663619996,0.4629778265953064,0.7226618528366089,0.0321011617779731,0.9136003851890564,0.4907020628452301,0.8031203746795654,0.1525124609470367,0.902379274368286,0.4671584367752075,0.7958978414535522,0.1622335910797119,0.8961605429649353,0.4887752532958984,0.8096985220909119,0.1621462553739547,0.7561517953872681,0.4702829122543335,0.8038390278816223,0.1726717352867126,0.7864571213722229,0.4932389557361603,0.8345348834991455,0.101453498005867,0.9125896692276,0.4597615301609039,0.8270515203475952,0.119694784283638,0.9162012934684752
0.4698556363582611,0.4455133378505707,-0.1698750853538513,0.9998392462730408,0.4733950197696686,0.4355095326900482,-0.1633309870958328,0.9997396469116212,0.4759680330753326,0.4355076551437378,-0.1633917540311813,0.9997841119766236,0.4781489372253418,0.4355224370956421,-0.1634232401847839,0.9998100996017456,0.4663758277893066,0.4355731606483459,-0.1607243716716766,0.9995558261871338,0.4644065499305725,0.4356284439563751,-0.1607546508312225,0.999446988105774,0.4628940522670746,0.435703694820404,-0.1607595235109329,0.99940288066864,0.4812197983264923,0.4388655424118042,-0.1114024668931961,0.9995375275611876,0.4614560008049011,0.4389791190624237,-0.1005550399422645,0.9987938404083252,0.4744655787944793,0.4549623131752014,-0.1494530588388443,0.9998096227645874,0.4667941331863403,0.4541553556919098,-0.1463138461112976,0.9996781945228576,0.4982954859733581,0.4990255236625671,-0.0825739353895187,0.99992036819458,0.4498238861560821,0.4945659041404724,-0.0661737397313118,0.9997618198394777,0.5045477151870728,0.5804573893547058,-0.1005690842866897,0.9730937480926514,0.4269276857376098,0.5263568162918091,-0.1170143857598304,0.9357032179832458,0.4999153316020965,0.644171953201294,-0.1725307404994964,0.9362574815750122,0.4147216975688934,0.5445671081542969,-0.2504607439041137,0.9161658883094788,0.5011499524116516,0.6640022993087769,-0.1934671550989151,0.9002779722213745,0.4093354940414428,0.558197557926178,-0.2833964228630066,0.8762616515159607,0.4963329434394836,0.6615083813667297,-0.2091150134801864,0.9045571088790894,0.4138840436935425,0.5571635365486145,-0.2864482700824737,0.8800532817840576,0.4953904449939728,0.6543420553207397,-0.1805940717458725,0.8948205709457397,0.4158679842948913,0.5526342988014221,-0.2561189234256744,0.8620473146438599,0.4855996072292328,0.6316772103309631,-0.0034119084011763,0.9998227953910828,0.457490861415863,0.6316006779670715,0.0033782832324504,0.9997203946113586,0.4876307547092438,0.7270947694778442,0.0413386821746826,0.9112409353256226,0.4627391695976257,0.7216815948486328,0.0381500199437141,0.9211902022361756,0.4907019436359405,0.8035264611244202,0.1762671917676925,0.9099538922309875,0.4669716954231262,0.7959079146385193,0.16676726937294,0.905272901058197,0.4886961877346039,0.8098409175872803,0.1859157085418701,0.7639021873474121,0.4702940285205841,0.8037756681442261,0.1757920533418655,0.7926017642021179,0.4933306872844696,0.8346695899963379,0.1206034272909164,0.9180804491043092,0.4602396190166473,0.8271445035934448,0.1131776645779609,0.9223809242248536
0.4698520600795746,0.4464805126190185,-0.1602949649095535,0.9998488426208496,0.4733723700046539,0.4362808167934418,-0.1544758528470993,0.9997485280036926,0.4759382605552673,0.4363003075122833,-0.1545405685901641,0.9997844099998474,0.4781310856342315,0.4363179802894592,-0.1545739471912384,0.999808430671692,0.4663873612880707,0.4363294541835785,-0.1516688913106918,0.9995827078819276,0.4644518494606018,0.436365008354187,-0.1517112255096435,0.9994829297065736,0.462955504655838,0.43640798330307,-0.1517106741666793,0.9994441866874696,0.4812434315681457,0.4396363496780395,-0.1055185720324516,0.999549925327301,0.4616107940673828,0.4397478103637695,-0.0934789329767227,0.9988771080970764,0.474494606256485,0.4557600319385528,-0.1409809589385986,0.9998120665550232,0.4668687283992767,0.4550288021564483,-0.137498140335083,0.9996909499168396,0.4983096420764923,0.4994690418243408,-0.0745159164071083,0.9998774528503418,0.450846791267395,0.4934312105178833,-0.0568589121103286,0.9997529983520508,0.5035914778709412,0.5802677869796753,-0.0781804025173187,0.9725327491760254,0.4249907433986664,0.5220270156860352,-0.1190746203064918,0.9369805455207824,0.4986129403114319,0.6445240378379822,-0.1292842328548431,0.9348058700561525,0.4133760035037994,0.5212023854255676,-0.2483253180980682,0.9213587641716005,0.4998892545700073,0.6640528440475464,-0.1416247189044952,0.8962172269821167,0.4051490426063537,0.5172011852264404,-0.2769577205181122,0.8828859925270081,0.4949283003807068,0.6615420579910278,-0.1564164608716964,0.900397539138794,0.4093820452690124,0.5148321986198425,-0.2774178385734558,0.8861533999443054,0.4938735067844391,0.6543867588043213,-0.1356411725282669,0.8902419805526733,0.4130204617977142,0.5155368447303772,-0.2526714205741882,0.8682900071144104,0.4851871728897095,0.6310158371925354,-0.0031985966488718,0.9997929930686952,0.4574162662029266,0.631072998046875,0.0031738041434437,0.9997099041938782,0.487452894449234,0.7277346849441528,0.0407113805413246,0.9183273315429688,0.4623644053936004,0.7219220399856567,0.0333391800522804,0.9277181029319764,0.4906483888626098,0.8035736680030823,0.1658776104450225,0.916515052318573,0.4669369757175445,0.7959007024765015,0.1654476076364517,0.9131804704666138,0.4886522889137268,0.8098169565200806,0.1745098680257797,0.7692017555236816,0.4703053534030914,0.803600013256073,0.1688822656869888,0.7983213067054749,0.493244856595993,0.8346157073974609,0.1087303981184959,0.9226152896881104,0.4603438079357147,0.8271163702011108,0.0965192094445228,0.9276137351989746
0.4699243307113647,0.4468076229095459,-0.1534976512193679,0.9998478293418884,0.4733771085739136,0.4364754855632782,-0.1483055651187896,0.999736785888672,0.4759550392627716,0.4364762008190155,-0.1483688205480575,0.9997617602348328,0.4781592786312103,0.4364878237247467,-0.1484114527702331,0.9997848868370056,0.4664130508899688,0.4367048144340515,-0.1443481147289276,0.999576985836029,0.4644848704338074,0.4368332326412201,-0.1443946361541748,0.99947851896286,0.4629786908626556,0.4369604587554931,-0.144392043352127,0.9994438886642456,0.4812781512737274,0.4399740099906921,-0.1021230444312095,0.9995286464691162,0.4616196751594543,0.4406856000423431,-0.0845602229237556,0.9988762736320496,0.474699854850769,0.4560900628566742,-0.1351382136344909,0.999789535999298,0.4669898152351379,0.455590158700943,-0.1300526559352874,0.9996652603149414,0.4983698427677154,0.4997188448905945,-0.0724321901798248,0.9997844696044922,0.4515659213066101,0.4931688010692596,-0.046030044555664,0.9996595978736876,0.5026222467422485,0.5800653696060181,-0.0792669504880905,0.9702829718589784,0.4223335981369018,0.5112808346748352,-0.1082784831523895,0.932508647441864,0.4963914155960083,0.6445930600166321,-0.1310580968856811,0.9261318445205688,0.410617470741272,0.4868175387382507,-0.225406989455223,0.9208358526229858,0.4980021119117737,0.6640340685844421,-0.143101155757904,0.8827545642852783,0.4033965170383453,0.4801704585552215,-0.2510456442832947,0.881193995475769,0.4929982423782348,0.6615318655967712,-0.1570224314928054,0.8867510557174683,0.4096776843070984,0.4753338992595672,-0.2511971890926361,0.883648157119751,0.491550862789154,0.6543734073638916,-0.1370860636234283,0.875870406627655,0.4117769002914428,0.4785093963146209,-0.2294736057519912,0.8645396828651428,0.4849194586277008,0.6306346654891968,-0.003506981069222,0.9997252821922302,0.4574215114116668,0.6306524276733398,0.0034660845994949,0.9996565580368042,0.4874302446842193,0.7290311455726624,0.0344953276216983,0.9237971305847168,0.4621488153934479,0.722116231918335,0.0331840962171554,0.9327943325042723,0.4907288551330566,0.8041980862617493,0.1527164131402969,0.9217270612716676,0.4669137299060821,0.7959153056144714,0.1429578214883804,0.9193782806396484,0.4886756241321563,0.8103200197219849,0.1611700057983398,0.7730591893196106,0.470417320728302,0.8035643100738525,0.1491325795650482,0.8024445176124573,0.493181824684143,0.8347634673118591,0.1044113188982009,0.925586998462677,0.4603484869003296,0.8272352814674377,0.0823522582650184,0.9310343265533448
0.4697660505771637,0.4475127756595611,-0.133044347167015,0.9998521208763124,0.4730616211891174,0.4372669458389282,-0.1268702298402786,0.9997355937957764,0.4756278395652771,0.43730029463768,-0.1269267499446869,0.999751091003418,0.4778752624988556,0.4373320937156677,-0.126969888806343,0.9997766613960266,0.4663154780864715,0.4373841881752014,-0.123061679303646,0.9995869994163512,0.4644474387168884,0.437430739402771,-0.1231031343340873,0.999493420124054,0.4629679024219513,0.4374729692935943,-0.1231038868427276,0.9994637966156006,0.4811440706253052,0.4407106637954712,-0.0787765905261039,0.9995376467704772,0.4617073833942413,0.4411115944385528,-0.0624192580580711,0.9989217519760132,0.4745585024356842,0.4565006494522095,-0.1144289299845695,0.99978369474411,0.466930091381073,0.4559474289417267,-0.1096493527293205,0.999664068222046,0.4983447194099426,0.499588131904602,-0.052005298435688,0.9997478127479552,0.452105164527893,0.4890222549438476,-0.0259191151708364,0.9996584057807922,0.5013058185577393,0.5799084305763245,-0.0559385791420936,0.9701328873634338,0.4222713112831116,0.4960059225559234,-0.1045255362987518,0.9357911944389344,0.4948495626449585,0.6442451477050781,-0.0984252169728279,0.926768720149994,0.4119748473167419,0.4526449739933014,-0.229745864868164,0.9260857105255128,0.4963826239109039,0.6635850667953491,-0.1078227236866951,0.8814948797225952,0.4088883996009826,0.4374117255210876,-0.2574813663959503,0.8874723315238953,0.4918889701366424,0.6612415909767151,-0.1213569417595863,0.8853963017463684,0.4134059548377991,0.4343433380126953,-0.252724289894104,0.8894230723381042,0.4904875159263611,0.6540651321411133,-0.1038521453738212,0.8743946552276611,0.4146432280540466,0.4390742778778076,-0.2326153218746185,0.8708346486091614,0.4848222136497497,0.6303451657295227,-0.0034132681321352,0.9997056126594543,0.4572553038597107,0.6302763223648071,0.0033879377879202,0.9996517300605774,0.487291932106018,0.7291369438171387,0.0311886873096227,0.929451584815979,0.4620671272277832,0.7217541337013245,0.0315331034362316,0.937973141670227,0.4907319843769073,0.8045206069946289,0.1403481066226959,0.9272190928459167,0.4669132828712463,0.7960343360900879,0.1288697570562362,0.9256435632705688,0.488691121339798,0.8108494877815247,0.1466016471385955,0.7768979072570801,0.4706155657768249,0.803618848323822,0.1350113600492477,0.8054986596107483,0.4931331872940063,0.8348805904388428,0.0791593417525291,0.929905891418457,0.4603306949138641,0.8272947669029236,0.0678286924958229,0.9353055357933044
0.4696302413940429,0.4478706121444702,-0.1487863808870315,0.9998579025268556,0.4729104340076446,0.4378942847251892,-0.1425742506980896,0.9997356534004213,0.4754407107830047,0.4379500150680542,-0.1426481157541275,0.9997440576553344,0.4777107536792755,0.4380205273628235,-0.1427008807659149,0.9997727274894714,0.4662985801696777,0.4381024539470672,-0.1383379250764846,0.9995970129966736,0.4644439816474914,0.4381837844848633,-0.1383923590183258,0.9995092749595642,0.4629632532596588,0.4382465183734894,-0.1383900344371795,0.9994844198226928,0.4810068905353546,0.4414225816726684,-0.0936404541134834,0.999555230140686,0.4617348611354828,0.4419592320919037,-0.0759920701384544,0.9989826679229736,0.4743862450122833,0.4566625952720642,-0.1300763934850692,0.9997879266738892,0.4667882919311523,0.4561627507209778,-0.1249096468091011,0.9996780157089232,0.4982312321662903,0.499917209148407,-0.0697698444128036,0.9997479915618896,0.4518290162086487,0.4874041080474853,-0.0351069383323192,0.9996737837791444,0.5007839202880859,0.5797882080078125,-0.0802797079086303,0.9716665744781494,0.4209444224834442,0.4711121022701263,-0.1138663589954376,0.9395612478256226,0.4938302934169769,0.6442134380340576,-0.1115731000900268,0.9281445741653442,0.4154276251792907,0.4245826005935669,-0.2187121957540512,0.9295653700828552,0.4955067336559295,0.6635778546333313,-0.1221822947263717,0.8801040649414062,0.4129507839679718,0.4067261219024658,-0.2434120923280716,0.8879814147949219,0.4907890558242798,0.661164402961731,-0.1459016352891922,0.8833146095275879,0.4141954481601715,0.404518723487854,-0.2345148473978042,0.8884939551353455,0.4892050325870514,0.6540572643280029,-0.11470428109169,0.8719804286956787,0.4171138405799866,0.4118649363517761,-0.2197213023900985,0.8698329329490662,0.4841451942920685,0.6303563117980957,-0.0071869324892759,0.9996832609176636,0.4570776522159576,0.6304272413253784,0.0070966044440865,0.9996432065963744,0.4856493771076202,0.7291091084480286,0.0234881620854139,0.934798538684845,0.4619752764701843,0.7215030193328857,0.0275471936911344,0.9427120089530944,0.490717202425003,0.8044612407684326,0.1375680267810821,0.9317712187767028,0.4669113755226135,0.7960965633392334,0.1351744085550308,0.9309669733047484,0.4887459874153137,0.8108069896697998,0.1450410038232803,0.778130829334259,0.4708461761474609,0.8035976886749268,0.142856627702713,0.8104053139686584,0.4928822219371795,0.8352627158164978,0.0780599415302276,0.9328337907791138,0.4602852463722229,0.827335000038147,0.0802429541945457,0.9386013746261596
0.4696264564990997,0.4480836093425751,-0.1513924449682235,0.9998511075973512,0.4729070663452148,0.4383092224597931,-0.1447135806083679,0.9997204542160034,0.4754272699356079,0.4384017884731293,-0.1447962373495102,0.9997259378433228,0.4776944518089294,0.438523918390274,-0.1448688805103302,0.9997650980949402,0.4663865268230438,0.4385903775691986,-0.140256181359291,0.9995658993721008,0.4646026492118835,0.4387456178665161,-0.1403095126152038,0.9994773864746094,0.4631541669368744,0.4388788640499115,-0.1403117626905441,0.999460995197296,0.4809566438198089,0.4420272409915924,-0.0963086709380149,0.999558448791504,0.4620342552661896,0.4428791403770447,-0.0773036852478981,0.999001920223236,0.4743487238883972,0.4567351341247558,-0.1332038044929504,0.9997838139533995,0.4667671620845794,0.4563664495944977,-0.1275191158056259,0.9996722936630248,0.4980430603027344,0.5004695057868958,-0.075651966035366,0.9997639656066896,0.4517164528369903,0.488058865070343,-0.0412353314459323,0.9996910095214844,0.5005174875259399,0.5797208547592163,-0.092692419886589,0.972813069820404,0.4221833050251007,0.4551876485347748,-0.1075028926134109,0.9435641765594482,0.4935291111469269,0.6446217894554138,-0.1328640580177307,0.925773859024048,0.4194893836975097,0.3990671932697296,-0.167792409658432,0.9268684387207032,0.4951887726783752,0.663747251033783,-0.1485852897167205,0.8734315633773804,0.4225482046604156,0.3832176625728607,-0.191945806145668,0.8733735680580139,0.4904259443283081,0.6612085103988647,-0.159558966755867,0.8768401145935059,0.4255052804946899,0.3814952671527862,-0.1819408684968948,0.8731020092964172,0.4888435304164886,0.654312252998352,-0.1366953700780868,0.8661156296730042,0.4258681535720825,0.3866189122200012,-0.1693755984306335,0.858761191368103,0.4841093122959137,0.6308423280715942,-0.0096471076831221,0.9996763467788696,0.4569659531116485,0.631271481513977,0.0095625631511211,0.9996419548988342,0.4851392209529876,0.7309584021568298,0.0226258020848035,0.9387865662574768,0.4618831574916839,0.7219444513320923,0.0306476429104805,0.9460309147834778,0.4908202886581421,0.8061866760253906,0.128253161907196,0.9353601932525636,0.4668422639369964,0.7961722612380981,0.1403656899929046,0.9346538186073304,0.4888616800308227,0.8124951720237732,0.1352723985910415,0.7788306474685669,0.4708505272865295,0.8037099242210388,0.1476572901010513,0.8143187165260315,0.4922355711460113,0.8362377882003784,0.0654636397957801,0.9350020885467528,0.4601338803768158,0.8273542523384094,0.0822227373719215,0.9405576586723328
0.4696229994297027,0.4483148157596588,-0.1471878439188003,0.9998430013656616,0.4729038774967193,0.4386738836765289,-0.140211671590805,0.9997079372406006,0.4754087626934051,0.4387716650962829,-0.1402880847454071,0.9997110962867736,0.4776817560195923,0.4389216005802154,-0.1403664946556091,0.9997605085372924,0.4664848446846008,0.4390292763710022,-0.1358687281608581,0.9995310306549072,0.4647688269615173,0.4392050802707672,-0.1359228193759918,0.9994367361068726,0.4633587002754211,0.4393340349197387,-0.1359303146600723,0.9994293451309204,0.4809357821941376,0.4425502419471741,-0.0920764654874801,0.999561846256256,0.4622190296649933,0.4432612359523773,-0.0733036547899246,0.9990083575248718,0.4742835164070129,0.4568215608596802,-0.1292459815740585,0.999776005744934,0.4667614698410034,0.4565218985080719,-0.1235692277550697,0.99965637922287,0.4979162216186523,0.500851571559906,-0.0745539516210556,0.9997808933258056,0.451661080121994,0.4865290224552154,-0.0415278486907482,0.9997076988220216,0.5000645518302917,0.5796531438827515,-0.0921768397092819,0.9735677242279052,0.4233877956867218,0.443136602640152,-0.0977818295359611,0.9476041793823242,0.4930121302604675,0.6446421146392822,-0.133066639304161,0.92326158285141,0.4264160394668579,0.3826630413532257,-0.1408520638942718,0.9248358011245728,0.4946613013744354,0.6637676954269409,-0.1485958695411682,0.8668930530548096,0.4306354224681854,0.3672410845756531,-0.1632614284753799,0.8595533967018127,0.4899264574050903,0.661230206489563,-0.1589642465114593,0.8704442381858826,0.4336647987365722,0.3663200438022613,-0.1539581716060638,0.8583057522773743,0.4883649051189422,0.65432208776474,-0.1375814229249954,0.8601849675178528,0.4333640933036804,0.3721118867397308,-0.1425295919179916,0.8483831882476807,0.4840602576732635,0.630774199962616,-0.0096318535506725,0.9996792674064636,0.4569075405597687,0.6313155293464661,0.00955790001899,0.9996484518051147,0.484517902135849,0.7316911220550537,0.0226295329630374,0.9422550797462464,0.4618377685546875,0.7219923734664917,0.0301259141415357,0.948911428451538,0.4908542931079864,0.8082712292671204,0.1218467131257057,0.9387364387512208,0.466848224401474,0.7965225577354431,0.1409364193677902,0.9377045631408693,0.4889595806598663,0.8151668906211853,0.1283098459243774,0.7793888449668884,0.470888078212738,0.8043381571769714,0.1485976427793502,0.816987931728363,0.4919116199016571,0.8378188610076904,0.0573506243526935,0.9372388124465942,0.4600670933723449,0.8274043202400208,0.0857505649328231,0.942152738571167
0.4695962965488434,0.4486984610557556,-0.1365902870893478,0.9998251795768738,0.4727364480495453,0.4389143586158752,-0.129934087395668,0.9996830821037292,0.4751544892787933,0.43892702460289,-0.1300075948238372,0.9996842741966248,0.4774410426616668,0.4390119612216949,-0.1300920695066452,0.999747633934021,0.4664830565452575,0.4395726919174194,-0.1255573183298111,0.999464750289917,0.4647815525531769,0.4398625493049621,-0.1256110966205597,0.9993568658828736,0.463401585817337,0.4400942325592041,-0.1256195604801178,0.9993613362312316,0.4808022677898407,0.442754864692688,-0.0842750519514083,0.999555230140686,0.4622679948806762,0.4440697729587555,-0.0650010555982589,0.9989868998527528,0.4742490649223327,0.4569813907146454,-0.1195184364914894,0.9997647404670716,0.4667544662952423,0.4569323062896728,-0.1136864274740219,0.99963116645813,0.4978372752666473,0.5007355213165283,-0.0674402564764022,0.9997991919517516,0.4517140984535217,0.4858716130256653,-0.0372483469545841,0.9997259378433228,0.5001022815704346,0.5796356201171875,-0.0792668685317039,0.9741641283035278,0.4252184927463531,0.436199814081192,-0.0764870643615722,0.9513884782791138,0.492977112531662,0.6446412801742554,-0.1100261211395263,0.9191174507141112,0.4334432780742645,0.3744884729385376,-0.0962824523448944,0.921432375907898,0.4946040213108063,0.6637668609619141,-0.1235760301351547,0.8575166463851929,0.4385408461093902,0.3606993556022644,-0.1151387318968772,0.8422281742095947,0.4898283779621124,0.6612508893013,-0.1323426663875579,0.8610958456993103,0.4419878721237182,0.3610085844993591,-0.105939082801342,0.8395607471466064,0.488244354724884,0.6543177366256714,-0.114492043852806,0.8513396978378296,0.4410291612148285,0.3661283850669861,-0.0974502339959144,0.8342134952545166,0.4840394258499145,0.6306771039962769,-0.0094884419813752,0.9996891021728516,0.4569486677646637,0.6311943531036377,0.0094129582867026,0.9996601343154908,0.4843041598796844,0.7319861054420471,0.0196969080716371,0.9455181360244752,0.4617947340011596,0.722130298614502,0.0285880155861377,0.9517474174499512,0.490850955247879,0.809753954410553,0.1184480860829353,0.9418143033981324,0.4668644666671753,0.797159731388092,0.1399234235286712,0.9404170513153076,0.4889813959598541,0.8166136741638184,0.1252784579992294,0.7825765609741211,0.4709109663963318,0.8050691485404968,0.1479537338018417,0.8214288949966431,0.4916662871837616,0.8389927744865417,0.0553624182939529,0.939431607723236,0.4600680470466614,0.8275063633918762,0.0872349068522453,0.943778395652771
0.4695515036582947,0.4491499364376068,-0.1473603844642639,0.9998142123222352,0.4726062417030334,0.4391296505928039,-0.1413574069738388,0.999669075012207,0.4749964475631714,0.4390933215618133,-0.1414348632097244,0.9996691346168518,0.4773280024528503,0.4391557574272156,-0.141514167189598,0.9997411966323853,0.4664741158485412,0.4400169551372528,-0.1373276263475418,0.9994184970855712,0.4647803008556366,0.4404390752315521,-0.1373826712369918,0.9992982745170592,0.46341472864151,0.4408451318740845,-0.1373940110206604,0.9993094801902772,0.4807990491390228,0.4430605769157409,-0.0953675806522369,0.9995565414428712,0.4623095691204071,0.4449732303619385,-0.0781669467687606,0.9989872574806212,0.4742494523525238,0.4572801291942596,-0.1300062835216522,0.999760091304779,0.4667499661445617,0.4573954939842224,-0.1246780306100845,0.9996168613433838,0.4978868365287781,0.5007118582725525,-0.0715695992112159,0.9998162388801576,0.4517965614795685,0.4861683547496795,-0.0386895686388015,0.999744176864624,0.5002709031105042,0.5798697471618652,-0.0835913717746734,0.974457621574402,0.4272091090679168,0.4304533004760742,-0.0847187340259552,0.9550178050994872,0.4933145642280578,0.6454231142997742,-0.112938217818737,0.9133853316307068,0.4411616921424866,0.3704836964607239,-0.0944554731249809,0.9187110662460328,0.4947705864906311,0.6646752953529358,-0.1263268738985061,0.8461214303970337,0.4473761320114136,0.3585873246192932,-0.1127942949533462,0.8263300061225891,0.4900134801864624,0.6621224880218506,-0.1347339451313018,0.8495814204216003,0.450573056936264,0.3590968251228332,-0.1023308485746383,0.8219559192657471,0.4885740280151367,0.6549509167671204,-0.1173096671700477,0.8404334783554077,0.4492622911930084,0.3634642660617828,-0.0949038565158844,0.8210147619247437,0.4841728806495666,0.6310172080993652,-0.0090578068047761,0.9996961355209352,0.4571643769741058,0.6313865780830383,0.0089825429022312,0.9996683597564696,0.4843005836009979,0.7332432270050049,0.0305791515856981,0.9479262232780457,0.461768090724945,0.7226933836936951,0.0337162427604198,0.9538884162902832,0.4908401072025299,0.8105685710906982,0.1301934868097305,0.9439936876296996,0.4669831693172455,0.7977180480957031,0.1527674496173858,0.9421218633651732,0.4889978468418121,0.8175224661827087,0.1376194059848785,0.7839992046356201,0.4711268544197082,0.8061221837997437,0.1620345115661621,0.8251340985298157,0.4912715852260589,0.8396688103675842,0.0672146454453468,0.9406307935714722,0.4599635899066925,0.8275980353355408,0.1058777570724487,0.9445257782936096
0.4698777198791504,0.4503864347934723,-0.147700548171997,0.9998114705085754,0.4730270504951477,0.4400748312473297,-0.14384825527668,0.999664545059204,0.475458413362503,0.4399283826351166,-0.1439164131879806,0.9996638298034668,0.4777580797672272,0.4398723244667053,-0.1439356058835983,0.9997413158416748,0.4668096005916595,0.4410741925239563,-0.138113722205162,0.9993986487388612,0.4650935530662536,0.4414535760879516,-0.1382331997156143,0.9992725849151612,0.4637166261672973,0.4418261349201202,-0.1383013576269149,0.9992868304252625,0.4810208082199096,0.4435983300209045,-0.0988839641213417,0.9995648860931396,0.4625467360019684,0.4456870555877685,-0.0856862962245941,0.9990121126174928,0.4748368263244629,0.4582314193248749,-0.1303520947694778,0.9997633099555968,0.4670136570930481,0.4584856629371643,-0.1285833120346069,0.9996197819709778,0.4979686141014099,0.5006479620933533,-0.0724358260631561,0.9998315572738647,0.4518302381038666,0.4861343801021576,-0.0610675290226936,0.9997613430023192,0.5004469156265259,0.5799015760421753,-0.08390723913908,0.9742852449417114,0.4286639988422394,0.4273397326469421,-0.0974188819527626,0.9586859941482544,0.4935205578804016,0.6460266709327698,-0.1092315465211868,0.9071778059005736,0.4496968686580658,0.3684967458248138,-0.0983426421880722,0.916414439678192,0.4949707090854645,0.6656062006950378,-0.1221770122647285,0.8347406387329102,0.4567601978778839,0.3595127761363983,-0.1162314042448997,0.810900866985321,0.4902085065841675,0.663108229637146,-0.1302139312028885,0.8379089832305908,0.4594976305961609,0.3611128628253937,-0.1039124354720115,0.8046215176582336,0.4887852072715759,0.65655118227005,-0.1134194210171699,0.829150915145874,0.4583392739295959,0.3644012212753296,-0.097683809697628,0.807415246963501,0.4841409921646118,0.6314674019813538,-0.0081917503848671,0.999709963798523,0.4571303725242615,0.6319797039031982,0.0080935806035995,0.9996820092201232,0.4842221140861511,0.7351431250572205,0.0290739126503467,0.949982523918152,0.4617415070533752,0.7241127490997314,0.0268502943217754,0.9557035565376282,0.4908228516578674,0.8120054602622986,0.1314316689968109,0.9451512694358826,0.4670343995094299,0.7986838221549988,0.1528773605823516,0.9418553709983826,0.4890133738517761,0.8189844489097595,0.1395710259675979,0.7828607559204102,0.4711871147155761,0.807135820388794,0.1632257550954818,0.8249670267105103,0.4909510314464569,0.841234564781189,0.0726259797811508,0.9408958554267884,0.4598762094974518,0.8279365301132202,0.1107455044984817,0.9434701204299928
0.4704708755016327,0.4507023096084595,-0.1514732390642166,0.9998014569282532,0.4737126231193542,0.4403556883335113,-0.1456014811992645,0.9996439814567566,0.4760860502719879,0.440129667520523,-0.1456843316555023,0.999644100666046,0.4782815873622894,0.4400069415569305,-0.1457553803920745,0.9997325539588928,0.4674751460552215,0.441495805978775,-0.1418170481920242,0.9993495941162108,0.4656859040260315,0.4418578743934631,-0.1418976038694381,0.999213695526123,0.4642615616321563,0.442184567451477,-0.1419293284416198,0.9992343187332152,0.4813751578330993,0.4438424706459045,-0.0980522334575653,0.9995623826980592,0.4629727303981781,0.4458371102809906,-0.0860010012984275,0.9990050196647644,0.4754319489002228,0.4585438072681427,-0.1334010511636734,0.9997597336769104,0.4674135446548462,0.458840936422348,-0.1303352266550064,0.9996126890182496,0.4982710182666778,0.5004317164421082,-0.0745893493294715,0.9998441338539124,0.4518693685531616,0.4861085712909698,-0.0605940744280815,0.9997740983963012,0.5009738206863403,0.5798191428184509,-0.0839637741446495,0.9741827249526978,0.4295195043087005,0.4284678697586059,-0.0979901403188705,0.9618343114852904,0.4936524331569671,0.6457576751708984,-0.1083360910415649,0.9002657532691956,0.4550267159938812,0.3765058219432831,-0.1000320985913276,0.912169635295868,0.4950428307056427,0.6655638813972473,-0.12142825871706,0.8220828771591187,0.4633075296878814,0.3691126108169555,-0.1183333471417427,0.7927168607711792,0.49028080701828,0.6630427837371826,-0.1290528029203415,0.8248697519302368,0.4656368196010589,0.3702349960803985,-0.1048093065619468,0.7846314311027527,0.4889060854911804,0.6561562418937683,-0.1123002842068672,0.8164607882499695,0.464144229888916,0.3728308975696563,-0.098960168659687,0.7907945513725281,0.4839759469032287,0.6317841410636902,-0.0080039566382765,0.9997167587280272,0.4569239020347595,0.632006049156189,0.0079096807166934,0.9996883273124696,0.4838759005069732,0.7355014085769653,0.0285553950816392,0.9513756036758424,0.4617352187633514,0.7247878909111023,0.0261446237564086,0.9570002555847168,0.4908481538295746,0.8118183016777039,0.1342118829488754,0.9450809359550476,0.467067539691925,0.7991564869880676,0.156569629907608,0.9408157467842102,0.4894498288631439,0.8186423182487488,0.1431113183498382,0.7780559659004211,0.4712970852851867,0.8072046637535095,0.167640283703804,0.8232482671737671,0.4904484748840332,0.8416301608085632,0.0791486054658889,0.9399964213371276,0.4598723948001861,0.8280685544013977,0.1167728155851364,0.9418643116950988
0.4712696075439453,0.4514891803264618,-0.150536373257637,0.9997912049293518,0.4748510122299194,0.4412107169628143,-0.1437799781560897,0.9996217489242554,0.4772532880306244,0.4408606290817261,-0.1438727080821991,0.9996218085289,0.4793903529644012,0.4406267702579498,-0.1439639180898666,0.9997214078903198,0.4684548676013946,0.4426908791065216,-0.1405727267265319,0.9992985725402832,0.4666016399860382,0.4430673718452453,-0.140640452504158,0.9991524815559388,0.46507328748703,0.4433282613754272,-0.1406626850366592,0.9991778135299684,0.4824040830135345,0.4446908831596374,-0.0957813411951065,0.9995542764663696,0.4637876451015472,0.4466217160224914,-0.0836492031812667,0.9989866614341736,0.4763224720954895,0.4592561423778534,-0.132510706782341,0.9997556209564208,0.4681585133075714,0.4595288038253784,-0.1289133727550506,0.9996054768562316,0.4991680979728699,0.5009933710098267,-0.0756437554955482,0.9998550415039062,0.4525318741798401,0.4871383607387543,-0.0587465725839138,0.999785542488098,0.5020953416824341,0.5812373161315918,-0.0872784405946731,0.9743740558624268,0.4300866723060608,0.4304133951663971,-0.0987146869301796,0.9646952748298644,0.4937300980091095,0.6477535963058472,-0.1126843243837356,0.8959789872169495,0.4580201804637909,0.3830640614032745,-0.1049608364701271,0.9095152020454408,0.4951745867729187,0.6672759652137756,-0.1247086748480796,0.8130946159362793,0.4661856889724731,0.3770964741706848,-0.1237437054514885,0.7780816555023193,0.4904319643974304,0.6632546186447144,-0.1360244899988174,0.8154605627059937,0.4682636260986328,0.3781808912754059,-0.109749786555767,0.7683457732200623,0.4890211224555969,0.6569302678108215,-0.1178116872906684,0.8071470260620117,0.4666526019573211,0.3806344270706177,-0.1038059666752815,0.7772707343101501,0.4840491414070129,0.6342619061470032,-0.0082308519631624,0.9997219443321228,0.4570270478725433,0.6341189742088318,0.0081325676292181,0.999692678451538,0.4838946163654327,0.7360508441925049,0.0270753614604473,0.9528326392173768,0.4617148339748382,0.7256205081939697,0.0314725860953331,0.9581280946731568,0.4908702969551086,0.8119813203811646,0.135597288608551,0.9454278349876404,0.4672291576862335,0.7993701696395874,0.167230412364006,0.9404232501983644,0.489693135023117,0.818575382232666,0.1447346955537796,0.7737604379653931,0.471649169921875,0.8071851134300232,0.1785870343446731,0.8222736716270447,0.490169495344162,0.8420915007591248,0.0808469355106353,0.9395943284034728,0.4598455131053924,0.8282061815261841,0.1277937740087509,0.9409048557281494
0.4724754095077514,0.4524091780185699,-0.1520211994647979,0.999786615371704,0.4761812090873718,0.4422223567962646,-0.1455157697200775,0.9996084570884703,0.4785697758197784,0.4418217837810516,-0.1456437855958938,0.999607264995575,0.4806858003139496,0.4415087699890136,-0.1457764655351638,0.9997166395187378,0.4696770906448364,0.4437148571014404,-0.1416451334953308,0.9992660284042358,0.4676881730556488,0.4440467357635498,-0.1417386829853058,0.9991088509559632,0.466003805398941,0.4442293047904968,-0.1417660564184188,0.9991401433944702,0.4837186932563782,0.445485919713974,-0.0984103456139564,0.9995504021644592,0.4647176563739776,0.4474040567874908,-0.0839094817638397,0.9989622831344604,0.4774282574653625,0.4600359499454498,-0.1342813223600387,0.99974924325943,0.4694529473781585,0.4604879915714264,-0.1298908144235611,0.9995970726013184,0.5007736682891846,0.5015021562576294,-0.0804732665419578,0.9998658895492554,0.4539988934993744,0.4890201091766357,-0.0570201463997364,0.9997950792312622,0.5037070512771606,0.5832376480102539,-0.086781769990921,0.9741828441619872,0.4304908812046051,0.431126594543457,-0.0805918201804161,0.9662970900535583,0.4938759803771972,0.6531951427459717,-0.1060067936778068,0.886590838432312,0.4599373638629913,0.3907307684421539,-0.0658142417669296,0.8962664008140564,0.4952506721019745,0.671642005443573,-0.1204861029982566,0.7968340516090393,0.4673886597156524,0.3855864703655243,-0.0805688649415969,0.7464578151702881,0.4904536008834839,0.6672956943511963,-0.1270695179700851,0.7985973358154297,0.4694558978080749,0.3870623111724853,-0.0685079395771026,0.7349821925163269,0.4891175627708435,0.6602973937988281,-0.1093994602560997,0.790270984172821,0.4678680300712585,0.3891979455947876,-0.0647434592247009,0.7462291717529297,0.4843745529651642,0.6386380195617676,-0.0100461961701512,0.9997214674949646,0.4579791128635406,0.6376880407333374,0.0099412715062499,0.9996843338012696,0.4847097992897033,0.7381458282470703,0.0361659973859787,0.9531567692756652,0.4622339904308319,0.7278549671173096,0.0672722980380058,0.9576615691184998,0.4914275407791137,0.8129526376724243,0.1562831550836563,0.9465017914772034,0.4672468602657318,0.7995344400405884,0.2088876068592071,0.9404064416885376,0.490681380033493,0.8193053603172302,0.1659064888954162,0.7758617401123047,0.4717831313610077,0.8071643114089966,0.2206965535879135,0.8254542350769043,0.4905595183372497,0.8426849842071533,0.0987504571676254,0.9403598308563232,0.4597293138504028,0.8282637596130371,0.1667261570692062,0.941134512424469
0.4748241305351257,0.4522840678691864,-0.154670774936676,0.9997892379760742,0.4788510501384735,0.4422001838684082,-0.147989347577095,0.9996084570884703,0.4810427725315094,0.4419266581535339,-0.148120567202568,0.9996066689491272,0.4829298853874206,0.4417327344417572,-0.1482553780078888,0.9997198581695556,0.4721446931362152,0.4434851408004761,-0.1451369225978851,0.9992623329162598,0.4699133634567261,0.4438112676143646,-0.1452291756868362,0.99910169839859,0.4679131805896759,0.4440595805644989,-0.1452482640743255,0.999135434627533,0.4854791462421417,0.44575035572052,-0.0995603129267692,0.9995553493499756,0.4662114083766937,0.4469671845436096,-0.0889344960451126,0.9989616870880128,0.4791330099105835,0.4599656760692596,-0.1363298743963241,0.999751627445221,0.4712113440036773,0.4603981971740722,-0.1330502182245254,0.9996019005775452,0.5021216869354248,0.5014622807502747,-0.0806671753525734,0.9998746514320374,0.4546445906162262,0.4889953732490539,-0.0577852874994277,0.999799370765686,0.505955159664154,0.5831279754638672,-0.0855120867490768,0.9738448858261108,0.4304216802120209,0.43250572681427,-0.0841985121369361,0.9675732851028442,0.4948152601718902,0.6537644863128662,-0.1082319393754005,0.8779218792915344,0.4572170078754425,0.3949126303195953,-0.0789218693971633,0.8839316964149475,0.4959206879138946,0.6725425720214844,-0.122806042432785,0.7826788425445557,0.4643162190914154,0.3897981643676758,-0.0942106917500495,0.7194877862930298,0.4913301765918731,0.6681569218635559,-0.1295185536146164,0.783837080001831,0.4662323892116546,0.3916026651859283,-0.0832218304276466,0.7065878510475159,0.4900813102722168,0.660974383354187,-0.1117994040250778,0.7755299210548401,0.4646787941455841,0.3936727643013,-0.0781451687216758,0.7195309400558472,0.4850963354110718,0.6379480957984924,-0.0098298331722617,0.9997174739837646,0.4581364691257477,0.6372524499893188,0.0097307730466127,0.9996688961982728,0.4855836927890777,0.7381761074066162,0.0340028665959835,0.9534221291542052,0.462245762348175,0.7275205850601196,0.0580733381211757,0.9572787284851074,0.4914527237415313,0.813102662563324,0.1537164151668548,0.94778573513031,0.4672481417655945,0.7996443510055542,0.1937679648399353,0.9406490921974182,0.4906807541847229,0.8193325996398926,0.1630633324384689,0.7778536677360535,0.4717963933944702,0.8072295784950256,0.2048986703157425,0.8277762532234192,0.4907078742980957,0.8441346287727356,0.0901968330144882,0.9412887096405028,0.4595441818237304,0.8285754323005676,0.1499212682247162,0.941361367702484
0.4764467477798462,0.4517724812030792,-0.1551574766635894,0.9998006820678712,0.4803838729858398,0.4418458044528961,-0.1483753025531768,0.9996254444122314,0.4825240075588226,0.4417339563369751,-0.1484942436218261,0.999622106552124,0.4844058454036712,0.4416419565677643,-0.14860700070858,0.9997329711914062,0.4738133549690246,0.4426775872707367,-0.1456243097782135,0.9992994666099548,0.4715816378593445,0.4428178668022156,-0.145705834031105,0.999147891998291,0.4695371985435486,0.4428062736988067,-0.1457214802503585,0.9991812109947203,0.4870171546936035,0.4456685185432434,-0.0984061807394027,0.9995765686035156,0.4675309360027313,0.4455718100070953,-0.0889732092618942,0.9990170001983644,0.4804106652736664,0.45955491065979,-0.1364810168743133,0.9997621178627014,0.4728640913963318,0.4594632983207702,-0.1333178579807281,0.999621570110321,0.5033507943153381,0.5014262795448303,-0.0790748670697212,0.9998788237571716,0.455871433019638,0.4890115261077881,-0.0568130053579807,0.9998003244400024,0.507523238658905,0.5829850435256958,-0.0849062874913215,0.974144160747528,0.4307640492916107,0.435388445854187,-0.098873533308506,0.9686989784240724,0.4970089197158813,0.6535987854003906,-0.1105927899479866,0.875038206577301,0.4547348320484161,0.3987860381603241,-0.1164291203022003,0.8780205845832825,0.497821033000946,0.6732856035232544,-0.1244945526123046,0.7769302725791931,0.4616895020008087,0.3918966650962829,-0.1359278708696365,0.7044256329536438,0.4932557046413421,0.6690919995307922,-0.1325292885303497,0.778043270111084,0.4637522399425506,0.3938715159893036,-0.1219498887658119,0.6909322738647461,0.4922890365123749,0.6616133451461792,-0.1145446300506591,0.7703920006752014,0.4622816741466522,0.3964801728725433,-0.1152837797999382,0.7057157754898071,0.4861744344234466,0.6375703811645508,-0.0098091196268796,0.9997093081474304,0.4585602581501007,0.6375586986541748,0.0097066778689622,0.9996524453163148,0.4866342544555664,0.7379659414291382,0.037710715085268,0.9549450278282166,0.4629299938678741,0.7278977632522583,0.0601282902061939,0.9583142399787904,0.4914481341838836,0.8130291104316711,0.1515571624040603,0.9496349096298218,0.4672488272190094,0.7996509075164795,0.1936716884374618,0.9426515698432922,0.4906563758850097,0.8191924095153809,0.1601593494415283,0.7783674001693726,0.4717431664466858,0.8072105050086975,0.2044678032398224,0.8283853530883789,0.4908118844032287,0.8444743156433105,0.0917182639241218,0.9428306221961976,0.4594820439815521,0.8286697268486023,0.1486210972070694,0.9428204298019408
0.4776488244533539,0.4498894512653351,-0.1576683670282364,0.9998119473457336,0.4814710021018982,0.4407053291797638,-0.1499047875404358,0.9996420741081238,0.4836441278457641,0.4409933090209961,-0.1500250250101089,0.9996373057365416,0.4855684638023376,0.4411821663379669,-0.1501254290342331,0.9997457265853882,0.4749795794486999,0.4403006136417389,-0.1481178700923919,0.9993376135826112,0.4727480113506317,0.4400845766067505,-0.1481886357069015,0.9991960525512696,0.4707221984863281,0.4397623538970947,-0.1481939852237701,0.999228835105896,0.4883456230163574,0.4454986155033111,-0.0987013354897499,0.9995968341827391,0.4688366949558258,0.4428821206092834,-0.0905861854553222,0.9990742802619934,0.4815123677253723,0.4584653079509735,-0.1375464349985122,0.9997724294662476,0.4740425050258636,0.4576337933540344,-0.135614812374115,0.9996415376663208,0.5038959383964539,0.5012840032577515,-0.0778343379497528,0.9998815059661864,0.4569277465343475,0.4881030023097992,-0.0572237409651279,0.999801218509674,0.5084421634674072,0.5830606818199158,-0.0836648568511009,0.9741995930671692,0.4315820932388305,0.4347322881221771,-0.1096112430095672,0.9698899388313292,0.4985419809818268,0.6531765460968018,-0.1107457801699638,0.8716168999671936,0.4536939561367035,0.3967705368995666,-0.1379653662443161,0.8728947043418884,0.4990336298942566,0.6729233264923096,-0.1261216253042221,0.7710676193237305,0.4599340856075287,0.389181524515152,-0.1592963188886642,0.6913028955459595,0.4946785569190979,0.6690507531166077,-0.1343653053045272,0.7723297476768494,0.4623098075389862,0.3919094204902649,-0.146429106593132,0.6773992776870728,0.4937666952610016,0.6618003249168396,-0.1150778234004974,0.7653580904006958,0.4609764218330383,0.3949303328990936,-0.1374562084674835,0.6938579082489014,0.4869904816150665,0.63723224401474,-0.0085421735420823,0.999702215194702,0.4590339064598083,0.6372763514518738,0.0084490291774272,0.9996402859687804,0.487595647573471,0.7376886606216431,0.0400593280792236,0.9565072655677797,0.4637153446674347,0.7280797362327576,0.0605969801545143,0.9594539403915404,0.491452544927597,0.8131555318832397,0.1543467193841934,0.9515326023101808,0.467292845249176,0.7996329665184021,0.1956262737512588,0.9446434378623962,0.4906224310398102,0.8191089034080505,0.1628235727548599,0.7803077697753906,0.4716373980045318,0.8071982860565186,0.2063519209623336,0.8284735083580017,0.4908982217311859,0.844726026058197,0.0940484330058097,0.9445498585700988,0.4594892561435699,0.8289008140563965,0.1484532654285431,0.944258749485016
0.479009598493576,0.4458322525024414,-0.1621640026569366,0.9998200535774232,0.4827536046504974,0.437253475189209,-0.1549701541662216,0.9996557235717772,0.4849513471126556,0.4378105998039245,-0.1550869196653366,0.9996500015258788,0.4869036674499511,0.4382303357124328,-0.1551816761493683,0.9997559785842896,0.4763697981834411,0.436367779970169,-0.1531039774417877,0.9993666410446168,0.4741147458553314,0.4362292885780334,-0.1531780511140823,0.9992323517799376,0.4720629453659057,0.4361684620380401,-0.1531902700662613,0.9992654919624328,0.4898841083049774,0.443039059638977,-0.1028745546936988,0.9996126890182496,0.4699816405773163,0.4402102530002594,-0.0957484915852546,0.9991207122802734,0.482998788356781,0.4556702077388763,-0.1420207023620605,0.999778151512146,0.4752872884273529,0.4544858038425445,-0.1399145871400833,0.9996540546417236,0.505016565322876,0.5012695789337158,-0.0795782953500747,0.9998828172683716,0.4578239321708679,0.4876651465892792,-0.0638530626893043,0.9998024106025696,0.5080364942550659,0.5838087201118469,-0.0837328657507896,0.9726347923278807,0.432926595211029,0.4310871064662933,-0.1147861704230308,0.9704934358596802,0.4998822212219238,0.6532397270202637,-0.1119869202375412,0.8633232712745667,0.4524065554141998,0.3863599896430969,-0.1445065438747406,0.8680861592292786,0.5000806450843811,0.6727368831634521,-0.1270824074745178,0.7614476680755615,0.4590531885623932,0.376492828130722,-0.1664215922355651,0.6812612414360046,0.4961144030094147,0.669154167175293,-0.1344687789678573,0.7633437514305115,0.4609718024730682,0.3786696493625641,-0.1540636569261551,0.6672666072845459,0.4953556358814239,0.6622370481491089,-0.1158817633986473,0.7573506236076355,0.4597677588462829,0.3823182880878448,-0.1442597806453704,0.6855867505073547,0.4881133735179901,0.6369998455047607,-0.0066272486001253,0.9996830224990844,0.4597066640853882,0.6370981931686401,0.0065415748395025,0.9996220469474792,0.4886089563369751,0.7375341057777405,0.0612101666629314,0.9568726420402528,0.4645493924617767,0.7280979752540588,0.0584890730679035,0.960095226764679,0.4914840459823608,0.8130627274513245,0.1803903877735138,0.952117681503296,0.4676719009876251,0.7991165518760681,0.1922644078731537,0.9458861947059632,0.4905995726585388,0.8186169266700745,0.1895335167646408,0.7795685529708862,0.4716368019580841,0.8064056038856506,0.2030437588691711,0.8282827734947205,0.4912456572055816,0.844727098941803,0.1238893344998359,0.9446223378181458,0.4596606791019439,0.8289458155632019,0.1456633508205413,0.9449677467346193
0.4802125990390777,0.4404789805412292,-0.177748218178749,0.9998093247413636,0.4838854074478149,0.4320974349975586,-0.170427531003952,0.9996481537818908,0.4860762059688568,0.4325360655784607,-0.1705208867788314,0.9996410608291626,0.488048106431961,0.4328871965408325,-0.1706221997737884,0.9997512698173524,0.4774815738201141,0.4314540326595306,-0.1681366264820099,0.9993534684181212,0.4752207696437835,0.4314468204975128,-0.1682226657867431,0.999216616153717,0.4731216132640838,0.4315364956855774,-0.1682445108890533,0.9992525577545166,0.4909631311893463,0.4382241070270538,-0.1156527698040008,0.9996084570884703,0.4709988236427307,0.4366203844547272,-0.1061225980520248,0.9991186857223512,0.4842018485069275,0.4511619210243225,-0.1564183533191681,0.9997552037239076,0.4764423072338104,0.4499967694282532,-0.1534522920846939,0.9996176958084106,0.5052621364593506,0.4978846907615661,-0.0859548524022102,0.9998821020126344,0.4591397047042846,0.4845789074897766,-0.0742032006382942,0.999791979789734,0.5084884762763977,0.5815733075141907,-0.0819552838802337,0.9675455093383788,0.4368164837360382,0.4284783899784088,-0.1216539144515991,0.9697830080986024,0.5022322535514832,0.6499519348144531,-0.1084038391709327,0.8432448506355286,0.4516779780387878,0.3732139766216278,-0.1533039659261703,0.8573486804962158,0.5025658011436462,0.6714609265327454,-0.1221046522259712,0.7414183616638184,0.4533677399158478,0.3605656027793884,-0.1759681850671768,0.6664788722991943,0.4981421232223511,0.667892575263977,-0.1339882761240005,0.7446956038475037,0.4555768370628357,0.3603219985961914,-0.1664730757474899,0.6528537273406982,0.4974112510681152,0.6599522829055786,-0.1143300011754036,0.7403119802474976,0.4555859267711639,0.3654103279113769,-0.1545269787311554,0.6734771728515625,0.489280104637146,0.6335137486457825,-0.0051267817616462,0.9996786117553712,0.460311084985733,0.6331299543380737,0.0050530163571238,0.9996229410171508,0.4891621470451355,0.7342252135276794,0.0680788308382034,0.9558380842208862,0.4650143384933471,0.7278575897216797,0.0644811540842056,0.9591839909553528,0.4914816915988922,0.8112672567367554,0.1965720057487487,0.9506675601005554,0.4678192138671875,0.7980484962463379,0.2007212787866592,0.945052444934845,0.4905830025672912,0.816220760345459,0.2065997123718261,0.7770051956176758,0.4715569615364074,0.8052528500556946,0.2115585058927536,0.8263708353042603,0.4914368689060211,0.8446018695831299,0.1388058364391327,0.9427410364151,0.4597617983818054,0.8288770914077759,0.1510334014892578,0.9439442753791808
0.481008380651474,0.4351456761360168,-0.1883823126554489,0.9998046159744264,0.4845997095108032,0.4262118637561798,-0.1812304854393005,0.999653697013855,0.4867307841777801,0.4263762533664703,-0.1813111901283264,0.9996466040611268,0.4887094795703888,0.4266293942928314,-0.1814122051000595,0.999755561351776,0.4781683683395386,0.4260849058628082,-0.1784334778785705,0.9993554353713988,0.4758993685245514,0.4262413382530212,-0.1785080134868621,0.9992157816886902,0.4738142192363739,0.4265215992927551,-0.1785286515951156,0.999250590801239,0.4916816651821136,0.4321161806583404,-0.126986563205719,0.9996163249015808,0.4718078374862671,0.432062953710556,-0.1144941970705986,0.9991334080696106,0.4849931299686432,0.4460687041282654,-0.1672094613313675,0.9997496008872986,0.4772880971431732,0.44535893201828,-0.1633955091238021,0.9996004700660706,0.5065166354179382,0.4940109252929687,-0.0925740301609039,0.9998878240585328,0.4596549570560455,0.4792557954788208,-0.0837201401591301,0.9997918009757996,0.5098958015441895,0.5784226655960083,-0.0828970149159431,0.965306282043457,0.440155029296875,0.4197177290916443,-0.1175628527998924,0.9706284403800964,0.5062456727027893,0.6470780372619629,-0.1097890213131904,0.8361973166465759,0.4511905610561371,0.3508102893829345,-0.1418927460908889,0.857058584690094,0.5069161057472229,0.6697032451629639,-0.1227845102548599,0.7357843518257141,0.4508614540100097,0.3374887704849243,-0.1635698825120926,0.6665027737617493,0.5020595192909241,0.6667376756668091,-0.1346721053123474,0.7401095628738403,0.45290407538414,0.3369044363498688,-0.1516858786344528,0.6532979011535645,0.5013585686683655,0.6586329936981201,-0.1153929531574249,0.7368865609169006,0.4538977444171905,0.3410025537014007,-0.1417155116796493,0.6755119562149048,0.4906511604785919,0.629935622215271,-0.003588035935536,0.9996905326843262,0.4612035453319549,0.6288461089134216,0.0035251611843705,0.999637484550476,0.4897636175155639,0.7308754324913025,0.0556939356029033,0.9555319547653198,0.4656478762626648,0.7267870903015137,0.0523088052868843,0.9595826268196106,0.4913268685340881,0.8092403411865234,0.1830032467842102,0.9485121965408324,0.4681453704833984,0.7973458170890808,0.1964463293552398,0.943520724773407,0.4901325404644012,0.8137630820274353,0.1933388710021972,0.7721238136291504,0.4715620577335357,0.8043490648269653,0.2054253667593002,0.8216322660446167,0.4916084706783294,0.8444862365722656,0.1277792155742645,0.9402905106544496,0.4606391489505768,0.8292033672332764,0.1461555808782577,0.9422523379325868
0.4820151925086975,0.429702877998352,-0.2052350789308548,0.99980890750885,0.4856103062629699,0.4210463464260101,-0.1972147673368454,0.9996693730354308,0.4876717627048492,0.4211879372596741,-0.1972810626029968,0.9996621012687684,0.4895766079425812,0.4214583933353424,-0.1973751932382583,0.9997662901878356,0.4791067540645599,0.4210794568061828,-0.1945877075195312,0.999380588531494,0.4767979383468628,0.4213421940803528,-0.1946623921394348,0.9992439150810242,0.4746794402599334,0.4216929078102112,-0.194683626294136,0.9992758631706238,0.4924505054950714,0.4273598194122314,-0.1384165436029434,0.9996328353881836,0.4724797010421753,0.4274224638938904,-0.1266344040632248,0.999171793460846,0.4859547019004822,0.4403215050697326,-0.182314857840538,0.9997485876083374,0.4780614972114563,0.4398413300514221,-0.1787187308073043,0.9995942115783693,0.5077813863754272,0.4896913766860962,-0.0991836786270141,0.9998934864997864,0.4598855078220367,0.4747448265552521,-0.0922869816422462,0.9997937679290771,0.5111316442489624,0.5724642872810364,-0.0829264745116233,0.9633615016937256,0.4416813552379608,0.40888711810112,-0.1185003519058227,0.9719146490097046,0.5080645680427551,0.6404964923858643,-0.1063486263155937,0.8313422799110413,0.4512527287006378,0.3304636180400848,-0.1302653551101684,0.8593282103538513,0.5091646909713745,0.664317786693573,-0.1176754310727119,0.7327673435211182,0.4510021805763244,0.3251193165779114,-0.1487524658441543,0.6701546907424927,0.5042238831520081,0.6618342399597168,-0.1323239654302597,0.7380239963531494,0.4531325101852417,0.3245064616203308,-0.141459122300148,0.6572870016098022,0.5035851001739502,0.6547387838363647,-0.113070048391819,0.735973060131073,0.453910082578659,0.3262053728103637,-0.1316832154989242,0.6810021996498108,0.4923209846019745,0.6249815821647644,-0.0027116269338876,0.9997048377990724,0.4621991813182831,0.6227521896362305,0.0026592621579766,0.9996554255485536,0.4899424910545349,0.7280017137527466,0.0523177497088909,0.9553865790367126,0.4657214283943176,0.7245281934738159,0.0461988523602485,0.9598045349121094,0.4913049638271332,0.80881267786026,0.1789972335100174,0.9462840557098388,0.4680508375167846,0.7957127094268799,0.1855436861515045,0.9418025612831116,0.4901033937931061,0.8135640025138855,0.1893634647130966,0.7674317955970764,0.4711970686912536,0.8027293086051941,0.1959109157323837,0.8170086145401001,0.4917078912258148,0.8445887565612793,0.1238757669925689,0.9377806782722472,0.4607314169406891,0.8293142318725586,0.1368038654327392,0.940370798110962
0.4825865924358368,0.4254604876041412,-0.2183365672826767,0.9998167157173156,0.4863339960575104,0.417341023683548,-0.209806278347969,0.999687910079956,0.4884020984172821,0.4175852835178375,-0.2098529636859893,0.9996804594993592,0.4902511835098266,0.4178556203842163,-0.2099315524101257,0.999779224395752,0.4796853363513946,0.4169471263885498,-0.2073757201433181,0.9994131326675416,0.4773622453212738,0.4170796275138855,-0.2074484080076217,0.999281644821167,0.4752611219882965,0.4173416495323181,-0.2074654102325439,0.9993106722831726,0.4931331276893616,0.4240051209926605,-0.1477244198322296,0.9996511340141296,0.4730989038944244,0.4232093393802643,-0.1371253579854965,0.9992176294326782,0.4865759611129761,0.4359640479087829,-0.1942295879125595,0.9997529983520508,0.4785275757312774,0.4349730014801025,-0.1909625232219696,0.999599277973175,0.5087567567825317,0.4855980277061462,-0.1062922701239585,0.9998999834060668,0.4600768685340881,0.4706363677978515,-0.1003898456692695,0.9998006820678712,0.5122168660163879,0.5660122632980347,-0.0908404439687728,0.9626861810684204,0.4443789422512054,0.3993261158466339,-0.1246460974216461,0.9736945033073424,0.5092407464981079,0.6326298713684082,-0.1093111336231231,0.8323962688446045,0.4536038041114807,0.3232609331607818,-0.1216917559504509,0.8641194105148315,0.5106690526008606,0.657832145690918,-0.1178526654839515,0.7367357611656189,0.4548875689506531,0.3178292512893677,-0.1386121362447738,0.6772136092185974,0.5061823129653931,0.6554745435714722,-0.1353890746831894,0.7424065470695496,0.4575491547584533,0.3171450197696686,-0.1308581829071045,0.6644942164421082,0.5051449537277222,0.6478955745697021,-0.1166165843605995,0.7410168647766113,0.4573772251605987,0.318761795759201,-0.1227962225675582,0.6895934343338013,0.493550568819046,0.6188082098960876,-0.0016476043965667,0.9997205138206482,0.4631338119506836,0.6169674396514893,0.0015902195591479,0.9996743202209472,0.4898466169834137,0.7248772978782654,0.0480519495904445,0.9550783038139344,0.4658451378345489,0.7216989994049072,0.0310517754405736,0.9596866965293884,0.4912701547145843,0.8079147338867188,0.1734493374824524,0.9433568120002748,0.4672156572341919,0.794131338596344,0.1626923531293869,0.9382855892181396,0.4897497892379761,0.8127273321151733,0.1856061071157455,0.7611584067344666,0.4704463183879852,0.8018394112586975,0.1734087765216827,0.8080118298530579,0.4917084872722626,0.8445941805839539,0.1203427091240882,0.9346830248832704,0.4608996212482452,0.8300566673278809,0.1170658245682716,0.9366783499717712
0.4839907586574554,0.420940488576889,-0.2105866372585296,0.9998154640197754,0.4876837730407715,0.4125995337963104,-0.2087208479642868,0.9996914863586426,0.4895507991313934,0.4128922522068023,-0.2089541852474212,0.9996830821037292,0.4913645684719085,0.4132332503795624,-0.2090658843517303,0.999781370162964,0.4813370406627655,0.4121603965759277,-0.2001665979623794,0.9994215369224548,0.4789433479309082,0.4122916758060455,-0.2002431750297546,0.999292016029358,0.4767563641071319,0.4125973880290985,-0.2002653926610946,0.999319851398468,0.4943352937698364,0.4198042154312134,-0.1289149224758148,0.9996541738510132,0.4745251834392547,0.4186685681343078,-0.1287652850151062,0.9992345571517944,0.487805426120758,0.4313980340957641,-0.1860808432102203,0.9997501969337464,0.4799008369445801,0.4306106567382812,-0.1901963800191879,0.999592900276184,0.5113148093223572,0.4805757999420166,-0.0871025770902633,0.9999018907546996,0.4608065187931061,0.4673500657081604,-0.0886673107743263,0.9997999668121338,0.5149314999580383,0.5599234700202942,-0.0787438303232193,0.9612632989883424,0.4462482333183288,0.4037530422210693,-0.1246313750743866,0.9749354124069214,0.5112599730491638,0.627541720867157,-0.1087083369493484,0.8331632018089294,0.4571106135845184,0.3368764221668243,-0.1482864022254943,0.8688157200813293,0.5127288103103638,0.6525344848632812,-0.1197340711951255,0.7402936220169067,0.4589152634143829,0.3220313191413879,-0.1713452339172363,0.6873801350593567,0.5081081390380859,0.6500325202941895,-0.1353094428777694,0.7465224266052246,0.4612398147583008,0.3214868903160095,-0.1611225008964538,0.6752029061317444,0.5068458318710327,0.641960620880127,-0.1158900782465934,0.7456610798835754,0.461029976606369,0.3267435729503631,-0.1489721089601516,0.7002412676811218,0.4942065775394439,0.6167593598365784,-0.0003706882707774,0.9997292757034302,0.4635304510593414,0.6161394715309143,0.00031338079134,0.9996858239173888,0.4902339875698089,0.7234726548194885,0.0465900115668773,0.9543297290802002,0.4658024907112121,0.7195257544517517,0.0284484047442674,0.9595363736152648,0.4913382232189178,0.8062132000923157,0.1703023761510849,0.9401254653930664,0.4664939343929291,0.7929754853248596,0.1611061245203018,0.9357390999794006,0.4896381795406341,0.8106205463409424,0.1809678524732589,0.7532737255096436,0.4699080288410187,0.8009939789772034,0.1719529330730438,0.7989894151687622,0.4917066991329193,0.8446307182312012,0.1153981834650039,0.9311869144439696,0.4609737694263458,0.8304719924926758,0.1158418506383895,0.933611273765564
0.4859385788440704,0.4189747273921966,-0.1804523319005966,0.9998202919960022,0.4895033538341522,0.4097461402416229,-0.1713446527719497,0.999700367450714,0.4911786615848541,0.4100934863090515,-0.171430766582489,0.9996910095214844,0.4929977059364319,0.4105290472507477,-0.1714938580989837,0.9997873306274414,0.4834792017936706,0.4093559980392456,-0.1699172109365463,0.9994412660598756,0.4809979498386383,0.4095205664634704,-0.1699816286563873,0.9993166923522948,0.4785670340061188,0.4098130762577057,-0.1699899733066558,0.9993443489074708,0.4955924153327942,0.4170462191104889,-0.1037149205803871,0.9996603727340698,0.4755203127861023,0.4160298407077789,-0.1040225550532341,0.999263882637024,0.4893325567245483,0.4285609722137451,-0.1554935872554779,0.9997537732124328,0.4814505279064178,0.4280334413051605,-0.1572026163339615,0.9996010065078736,0.512039840221405,0.4783580601215362,-0.0695179253816604,0.9999048709869384,0.4609818756580353,0.4657756388187408,-0.0811393931508064,0.9998043775558472,0.516028642654419,0.5577587485313416,-0.0669462233781814,0.961327850818634,0.446623146533966,0.4073762893676758,-0.1251239776611328,0.9766838550567628,0.5120395421981812,0.6252076029777527,-0.1028104722499847,0.836840033531189,0.4611264765262604,0.3387657403945923,-0.1496642976999282,0.8757534623146057,0.5138835906982422,0.6497902274131775,-0.115463450551033,0.7454687356948853,0.4646793305873871,0.3234283030033111,-0.1732291430234909,0.7000759243965149,0.5092835426330566,0.6466383337974548,-0.1291044652462005,0.7518417239189148,0.4672517478466034,0.3228488266468048,-0.1607300639152526,0.6881356835365295,0.5080839991569519,0.6393139958381653,-0.1096065863966941,0.7513715028762817,0.4665979444980621,0.3292195200920105,-0.1494420617818832,0.7125858664512634,0.494485080242157,0.6161423921585083,0.0007969622383825,0.9997358918190002,0.4641049802303314,0.6158513426780701,-0.000846211973112,0.9996957778930664,0.4905767738819122,0.7219606041908264,0.0411197654902935,0.954096496105194,0.4657231271266937,0.7186132073402405,0.0203471276909112,0.959399938583374,0.4914253354072571,0.805949866771698,0.1556621640920639,0.9384204149246216,0.4657647013664245,0.7929182648658752,0.1468338519334793,0.93386310338974,0.4896226525306701,0.8104403614997864,0.1650104969739914,0.7474844455718994,0.4693784713745117,0.8008831739425659,0.1569027453660965,0.7906271815299988,0.4919163286685943,0.8449791669845581,0.1012536361813545,0.9291863441467284,0.4609652161598205,0.8311858773231506,0.0995259284973144,0.9311224818229676
0.4868774712085724,0.4200332760810852,-0.1764397323131561,0.9998205304145812,0.4905134439468384,0.4109852612018585,-0.166131317615509,0.9997013807296752,0.4921544790267944,0.4114064276218414,-0.1661915928125381,0.9996904730796814,0.4940322637557983,0.4119571149349212,-0.1662478148937225,0.9997885227203368,0.4844018220901489,0.4105187058448791,-0.1657578945159912,0.9994484186172484,0.4818283319473266,0.4106029868125915,-0.1658233106136322,0.9993267059326172,0.4793731272220611,0.4107615351676941,-0.1658321171998977,0.99935644865036,0.4965069890022278,0.4183374345302582,-0.100734144449234,0.9996567368507384,0.4762211740016937,0.4164249897003174,-0.1004360914230346,0.999277889728546,0.4902156889438629,0.4294889569282532,-0.1515730321407318,0.9997496008872986,0.4820823669433594,0.4289596676826477,-0.1523409336805343,0.9995997548103333,0.5121858716011047,0.4782895743846893,-0.0668051168322563,0.9999075531959534,0.461335688829422,0.4667892158031463,-0.078933447599411,0.9998085498809814,0.5160682797431946,0.5566973686218262,-0.0636382550001144,0.9612959027290344,0.4475499987602234,0.410159707069397,-0.1254771947860717,0.9783180356025696,0.5124654769897461,0.6249269843101501,-0.1003692373633384,0.8394109010696411,0.4637407660484314,0.3419972062110901,-0.1451044082641601,0.8815407752990723,0.5141618847846985,0.6490938663482666,-0.1137572973966598,0.7486878037452698,0.4682875573635101,0.3282246589660644,-0.1678827553987503,0.7094128727912903,0.5095697641372681,0.6458470225334167,-0.1265813708305359,0.7551982402801514,0.4709250628948211,0.3276119232177734,-0.1554632484912872,0.6975964903831482,0.5081698894500732,0.6377124190330505,-0.1069785505533218,0.7552193999290466,0.469997376203537,0.3332073390483856,-0.1448802649974823,0.7220261693000793,0.4955803155899048,0.6163723468780518,0.0016624577110633,0.9997363686561584,0.4651249051094055,0.6168643236160278,-0.0017081702826544,0.9997006058692932,0.4908934533596039,0.7195865511894226,0.0411620214581489,0.9531134963035583,0.4657197892665863,0.7173464894294739,0.0216074232012033,0.9585301876068116,0.4914990365505218,0.8044506907463074,0.1512592136859893,0.936323344707489,0.4653977453708648,0.7930647134780884,0.1394640952348709,0.9321122765541076,0.4896270632743835,0.809625506401062,0.1598364561796188,0.741212785243988,0.4692223668098449,0.801001250743866,0.1483789533376693,0.7816888689994812,0.4920619428157806,0.845025897026062,0.094312310218811,0.9273402690887452,0.4610909819602966,0.8322643041610718,0.0871455669403076,0.9290676712989808
0.487408310174942,0.4200440049171448,-0.1612437069416046,0.9998197555541992,0.4911878407001495,0.4114048779010772,-0.1515267789363861,0.9996976852416992,0.4929990172386169,0.4119664132595062,-0.151594653725624,0.9996851086616516,0.4950222671031952,0.4126285910606384,-0.1516584753990173,0.9997862577438354,0.4849477708339691,0.4105294048786163,-0.1505520492792129,0.999447762966156,0.4824204444885254,0.4104385077953338,-0.1506134122610092,0.9993282556533812,0.4799641668796539,0.4104286730289459,-0.1506225615739822,0.999361217021942,0.4976405501365661,0.4186704158782959,-0.0904688984155654,0.9996486902236938,0.4771112501621246,0.4156184792518616,-0.0869372189044952,0.9992797374725342,0.4909185469150543,0.4298394322395324,-0.1382944732904434,0.9997428059577942,0.4826268851757049,0.4290114641189575,-0.1372434347867965,0.999594271183014,0.512540876865387,0.478632777929306,-0.0618672333657741,0.9999068975448608,0.462062656879425,0.4656641781330108,-0.0643791928887367,0.9998071789741516,0.5165137648582458,0.5567724108695984,-0.0619039349257946,0.96144837141037,0.4479815661907196,0.4119572937488556,-0.1238807365298271,0.9795077443122864,0.5137550830841064,0.624952495098114,-0.0987094938755035,0.8416311144828796,0.4644359052181244,0.3461866378784179,-0.1440860629081726,0.8851488828659058,0.5151664018630981,0.6475383043289185,-0.1123923510313034,0.7505279779434204,0.4690559804439544,0.3325673043727875,-0.1677645295858383,0.7144920825958252,0.5107852816581726,0.6445546746253967,-0.124902993440628,0.7571600079536438,0.4717841446399688,0.3324636816978454,-0.1547008603811264,0.7027254700660706,0.509272038936615,0.6366321444511414,-0.1051766574382782,0.7574799060821533,0.4708484411239624,0.3373834192752838,-0.1438398510217666,0.7273411750793457,0.495325356721878,0.6168872714042664,0.0010591213358566,0.9997262954711914,0.4650891125202179,0.6164342164993286,-0.0011082085547968,0.9996949434280396,0.4910092949867248,0.719281017780304,0.0378066450357437,0.9528082609176636,0.4656839668750763,0.716819167137146,0.0215309355407953,0.9582996368408204,0.4914966225624084,0.8037382960319519,0.1457894444465637,0.9355918169021606,0.4653361141681671,0.7930826544761658,0.1414242833852768,0.931528389453888,0.4895533621311188,0.8091609477996826,0.154148519039154,0.7360876202583313,0.4691411852836609,0.8010715246200562,0.1505827009677887,0.7751580476760864,0.4920361638069153,0.8454976081848145,0.0880391299724578,0.9263798594474792,0.4609083533287048,0.8322519659996033,0.090186670422554,0.927811861038208
0.4881266057491302,0.4202485978603363,-0.160434678196907,0.9998164772987366,0.4918400943279266,0.411818265914917,-0.1509056687355041,0.9996880888938904,0.4936878979206085,0.4124481379985809,-0.150976687669754,0.9996733665466307,0.4957150220870971,0.413146436214447,-0.15104541182518,0.9997800588607788,0.4855105578899383,0.4108242094516754,-0.1502697914838791,0.999441146850586,0.4830300211906433,0.4107333123683929,-0.1503374278545379,0.9993236064910888,0.4806036651134491,0.4107005298137665,-0.1503499001264572,0.999360203742981,0.4984205365180969,0.4190869331359863,-0.0899076238274574,0.999633252620697,0.4778765141963959,0.4158957898616791,-0.0878584161400795,0.9992709159851074,0.4918569326400757,0.430303543806076,-0.1374781876802444,0.9997289180755616,0.4834661781787872,0.4294370412826538,-0.1367021054029464,0.9995813369750975,0.5131775736808777,0.4789091348648071,-0.0598435439169406,0.9999017715454102,0.4631648957729339,0.4660576283931732,-0.0640788450837135,0.9997962713241576,0.5170784592628479,0.5554679036140442,-0.0509406328201293,0.960116684436798,0.4479990303516388,0.4130502343177795,-0.1221026182174682,0.9802263975143432,0.515500009059906,0.6226975321769714,-0.0773302167654037,0.837740957736969,0.4645013809204101,0.3477553725242615,-0.1454118639230728,0.8842665553092957,0.5169942378997803,0.6449371576309204,-0.0888690426945686,0.7449295520782471,0.4689987301826477,0.3359756469726562,-0.1681974083185196,0.7107996344566345,0.5127788186073303,0.6401968598365784,-0.1022850051522255,0.7518889307975769,0.4717156589031219,0.3358970880508423,-0.1554169654846191,0.6988643407821655,0.5110961198806763,0.6333403587341309,-0.0838872641324997,0.752853512763977,0.4707736074924469,0.3403853476047516,-0.1451958566904068,0.7240439653396606,0.495379239320755,0.6175881028175354,0.0009254298638552,0.9997060298919678,0.4653869867324829,0.6170697808265686,-0.0009790046606212,0.9996768236160278,0.4911045730113983,0.7190812826156616,0.0384092405438423,0.952047884464264,0.4656508862972259,0.7165734767913818,0.0250407345592975,0.9574445486068726,0.491499125957489,0.803173303604126,0.1491441130638122,0.9349573254585266,0.465226799249649,0.7927259206771851,0.1464227586984634,0.9308546781539916,0.4894942939281463,0.8084555268287659,0.1577827930450439,0.7330095171928406,0.4689846336841583,0.8008095026016235,0.1557535678148269,0.7702449560165405,0.4921506941318512,0.8457265496253967,0.091968297958374,0.9255128502845764,0.4609037935733795,0.8322185277938843,0.0951758176088333,0.926741898059845
0.4890404343605041,0.4200853407382965,-0.155011236667633,0.999815046787262,0.4926241934299469,0.4118012487888336,-0.1450855433940887,0.999680995941162,0.4944583177566528,0.4124723672866821,-0.1451521515846252,0.9996631145477296,0.4964337050914764,0.4131955504417419,-0.1452095806598663,0.9997737407684326,0.4863573014736175,0.4108291864395141,-0.1451082378625869,0.9994475245475768,0.4838699698448181,0.4108070433139801,-0.1451771408319473,0.9993371367454528,0.4814244210720062,0.4108451604843139,-0.1451843231916427,0.9993749260902404,0.499053955078125,0.4192722737789154,-0.0820527449250221,0.9996182918548584,0.4786132574081421,0.4162700176239013,-0.0833925902843475,0.99927818775177,0.4927757084369659,0.4302215576171875,-0.1314331740140915,0.999718964099884,0.4844498336315155,0.4294076561927795,-0.1315957903861999,0.9995789527893066,0.5135877132415771,0.4791043400764465,-0.0518709942698478,0.9998902678489684,0.4641192853450775,0.4666063189506531,-0.0618239417672157,0.9997820258140564,0.5171805620193481,0.5536707639694214,-0.0354805961251258,0.9576298594474792,0.449184775352478,0.4143871665000915,-0.1342496573925018,0.9807608723640442,0.516089677810669,0.6182947158813477,-0.054727878421545,0.8317046165466309,0.4642799794673919,0.3505399525165558,-0.182778775691986,0.88335120677948,0.5175685286521912,0.6395732760429382,-0.0646884590387344,0.7380401492118835,0.4685514271259308,0.3361328840255737,-0.2078028619289398,0.7085557579994202,0.5136420130729675,0.6363130211830139,-0.0786825343966484,0.7455462217330933,0.4713145196437835,0.3363731801509857,-0.1952421516180038,0.6965492367744446,0.5118849873542786,0.6293714642524719,-0.0612504407763481,0.7476396560668945,0.4703285098075866,0.3416984975337982,-0.1830713897943496,0.7217225432395935,0.495451807975769,0.6180000305175781,0.0018356562359258,0.9996864199638368,0.4655876159667969,0.6174513697624207,-0.0019028310198336,0.9996605515480042,0.4915854632854461,0.7187147736549377,0.0406507104635238,0.9510563611984252,0.4656487107276916,0.7165718078613281,0.0267702657729387,0.956071138381958,0.491468608379364,0.8013498783111572,0.1496051102876663,0.9341325759887696,0.4652133285999298,0.7923436760902405,0.1447001248598098,0.9300562143325806,0.4891920089721679,0.8063731789588928,0.1587803661823272,0.731563925743103,0.4690018594264984,0.8002420663833618,0.1535333544015884,0.7650800347328186,0.4923663735389709,0.845664918422699,0.0935143232345581,0.924321472644806,0.4610798954963684,0.8325098752975464,0.0916483104228973,0.925417184829712
